2025-12-13 15:49:20 [main] INFO  c.e.demo.McpClient8080Application - Starting McpClient8080Application using Java 21.0.8 with PID 34408 (C:\Users\User\Documents\workspace-spring-tools-for-eclipse-4.32.1.RELEASE\mcp-client-8080\target\classes started by User in C:\Users\User\Documents\workspace-spring-tools-for-eclipse-4.32.1.RELEASE\mcp-client-8080)
2025-12-13 15:49:20 [main] INFO  c.e.demo.McpClient8080Application - No active profile set, falling back to 1 default profile: "default"
2025-12-13 15:49:20 [main] INFO  o.s.b.w.e.tomcat.TomcatWebServer - Tomcat initialized with port 8080 (http)
2025-12-13 15:49:20 [main] INFO  o.a.catalina.core.StandardService - Starting service [Tomcat]
2025-12-13 15:49:20 [main] INFO  o.a.catalina.core.StandardEngine - Starting Servlet engine: [Apache Tomcat/10.1.41]
2025-12-13 15:49:20 [main] INFO  o.a.c.c.C.[Tomcat].[localhost].[/] - Initializing Spring embedded WebApplicationContext
2025-12-13 15:49:20 [main] INFO  o.s.b.w.s.c.ServletWebServerApplicationContext - Root WebApplicationContext: initialization completed in 580 ms
2025-12-13 15:49:21 [HttpClient-3-Worker-2] DEBUG i.m.spec.McpSchema - Received JSON message: {"jsonrpc":"2.0","id":"841d5438-0","result":{"protocolVersion":"2024-11-05","capabilities":{"logging":{},"tools":{"listChanged":true}},"serverInfo":{"name":"mcp-server","version":"1.0.0"}}}
2025-12-13 15:49:21 [HttpClient-3-Worker-2] DEBUG i.m.spec.DefaultMcpSession - Received Response: JSONRPCResponse[jsonrpc=2.0, id=841d5438-0, result={protocolVersion=2024-11-05, capabilities={logging={}, tools={listChanged=true}}, serverInfo={name=mcp-server, version=1.0.0}}, error=null]
2025-12-13 15:49:21 [HttpClient-3-Worker-2] INFO  i.m.client.McpAsyncClient - Server response with Protocol: 2024-11-05, Capabilities: ServerCapabilities[experimental=null, logging=LoggingCapabilities[], prompts=null, resources=null, tools=ToolCapabilities[listChanged=true]], Info: Implementation[name=mcp-server, version=1.0.0] and Instructions null
2025-12-13 15:49:21 [HttpClient-3-Worker-2] DEBUG i.m.spec.McpSchema - Received JSON message: {"jsonrpc":"2.0","id":"841d5438-1","result":{"tools":[{"name":"checkout","description":"購物車結帳","inputSchema":{"type":"object","properties":{},"required":[],"additionalProperties":false}},{"name":"addToCart","description":"將指定商品加入購物車","inputSchema":{"type":"object","properties":{"name":{"type":"string","description":"商品名稱"},"quantity":{"type":"integer","format":"int32","description":"買進數量"}},"required":["name","quantity"],"additionalProperties":false}},{"name":"viewCart","description":"查看購物車目前所有商品","inputSchema":{"type":"object","properties":{},"required":[],"additionalProperties":false}}]}}
2025-12-13 15:49:21 [HttpClient-3-Worker-2] DEBUG i.m.spec.DefaultMcpSession - Received Response: JSONRPCResponse[jsonrpc=2.0, id=841d5438-1, result={tools=[{name=checkout, description=購物車結帳, inputSchema={type=object, properties={}, required=[], additionalProperties=false}}, {name=addToCart, description=將指定商品加入購物車, inputSchema={type=object, properties={name={type=string, description=商品名稱}, quantity={type=integer, format=int32, description=買進數量}}, required=[name, quantity], additionalProperties=false}}, {name=viewCart, description=查看購物車目前所有商品, inputSchema={type=object, properties={}, required=[], additionalProperties=false}}]}, error=null]
2025-12-13 15:49:21 [HttpClient-3-Worker-3] DEBUG i.m.spec.McpSchema - Received JSON message: {"jsonrpc":"2.0","id":"841d5438-2","result":{"tools":[{"name":"checkout","description":"購物車結帳","inputSchema":{"type":"object","properties":{},"required":[],"additionalProperties":false}},{"name":"addToCart","description":"將指定商品加入購物車","inputSchema":{"type":"object","properties":{"name":{"type":"string","description":"商品名稱"},"quantity":{"type":"integer","format":"int32","description":"買進數量"}},"required":["name","quantity"],"additionalProperties":false}},{"name":"viewCart","description":"查看購物車目前所有商品","inputSchema":{"type":"object","properties":{},"required":[],"additionalProperties":false}}]}}
2025-12-13 15:49:21 [HttpClient-3-Worker-3] DEBUG i.m.spec.DefaultMcpSession - Received Response: JSONRPCResponse[jsonrpc=2.0, id=841d5438-2, result={tools=[{name=checkout, description=購物車結帳, inputSchema={type=object, properties={}, required=[], additionalProperties=false}}, {name=addToCart, description=將指定商品加入購物車, inputSchema={type=object, properties={name={type=string, description=商品名稱}, quantity={type=integer, format=int32, description=買進數量}}, required=[name, quantity], additionalProperties=false}}, {name=viewCart, description=查看購物車目前所有商品, inputSchema={type=object, properties={}, required=[], additionalProperties=false}}]}, error=null]
2025-12-13 15:49:21 [HttpClient-3-Worker-3] DEBUG i.m.spec.McpSchema - Received JSON message: {"jsonrpc":"2.0","id":"841d5438-3","result":{"tools":[{"name":"checkout","description":"購物車結帳","inputSchema":{"type":"object","properties":{},"required":[],"additionalProperties":false}},{"name":"addToCart","description":"將指定商品加入購物車","inputSchema":{"type":"object","properties":{"name":{"type":"string","description":"商品名稱"},"quantity":{"type":"integer","format":"int32","description":"買進數量"}},"required":["name","quantity"],"additionalProperties":false}},{"name":"viewCart","description":"查看購物車目前所有商品","inputSchema":{"type":"object","properties":{},"required":[],"additionalProperties":false}}]}}
2025-12-13 15:49:21 [HttpClient-3-Worker-3] DEBUG i.m.spec.DefaultMcpSession - Received Response: JSONRPCResponse[jsonrpc=2.0, id=841d5438-3, result={tools=[{name=checkout, description=購物車結帳, inputSchema={type=object, properties={}, required=[], additionalProperties=false}}, {name=addToCart, description=將指定商品加入購物車, inputSchema={type=object, properties={name={type=string, description=商品名稱}, quantity={type=integer, format=int32, description=買進數量}}, required=[name, quantity], additionalProperties=false}}, {name=viewCart, description=查看購物車目前所有商品, inputSchema={type=object, properties={}, required=[], additionalProperties=false}}]}, error=null]
2025-12-13 15:49:21 [main] INFO  o.s.b.w.e.tomcat.TomcatWebServer - Tomcat started on port 8080 (http) with context path '/'
2025-12-13 15:49:21 [main] INFO  c.e.demo.McpClient8080Application - Started McpClient8080Application in 1.635 seconds (process running for 2.01)
2025-12-13 15:49:29 [http-nio-8080-exec-1] INFO  o.a.c.c.C.[Tomcat].[localhost].[/] - Initializing Spring DispatcherServlet 'dispatcherServlet'
2025-12-13 15:49:29 [http-nio-8080-exec-1] INFO  o.s.web.servlet.DispatcherServlet - Initializing Servlet 'dispatcherServlet'
2025-12-13 15:49:29 [http-nio-8080-exec-1] INFO  o.s.web.servlet.DispatcherServlet - Completed initialization in 1 ms
2025-12-13 15:49:33 [http-nio-8080-exec-1] DEBUG o.s.a.m.t.DefaultToolCallingManager - Executing tool call: addToCart
2025-12-13 15:49:33 [HttpClient-3-Worker-0] DEBUG i.m.spec.McpSchema - Received JSON message: {"jsonrpc":"2.0","id":"841d5438-4","result":{"content":[{"type":"text","type":"text","text":"\"橘子 已加入購物車, 數量: 2 (剩餘庫存: 3)\\r\\n\""}],"isError":false}}
2025-12-13 15:49:33 [HttpClient-3-Worker-0] DEBUG i.m.spec.DefaultMcpSession - Received Response: JSONRPCResponse[jsonrpc=2.0, id=841d5438-4, result={content=[{type=text, text="橘子 已加入購物車, 數量: 2 (剩餘庫存: 3)\r\n"}], isError=false}, error=null]
2025-12-13 15:49:33 [http-nio-8080-exec-1] DEBUG o.s.a.m.t.DefaultToolCallingManager - Executing tool call: addToCart
2025-12-13 15:49:33 [HttpClient-3-Worker-2] DEBUG i.m.spec.McpSchema - Received JSON message: {"jsonrpc":"2.0","id":"841d5438-5","result":{"content":[{"type":"text","type":"text","text":"\"牛奶 已加入購物車, 數量: 1 (剩餘庫存: 4)\\r\\n\""}],"isError":false}}
2025-12-13 15:49:33 [HttpClient-3-Worker-2] DEBUG i.m.spec.DefaultMcpSession - Received Response: JSONRPCResponse[jsonrpc=2.0, id=841d5438-5, result={content=[{type=text, text="牛奶 已加入購物車, 數量: 1 (剩餘庫存: 4)\r\n"}], isError=false}, error=null]
2025-12-13 15:50:55 [http-nio-8080-exec-5] DEBUG o.s.a.m.t.DefaultToolCallingManager - Executing tool call: viewCart
2025-12-13 15:50:55 [HttpClient-3-Worker-6] DEBUG i.m.spec.McpSchema - Received JSON message: {"jsonrpc":"2.0","id":"841d5438-6","result":{"content":[{"type":"text","type":"text","text":"\"購物車內容:\\n商品名稱:橘子 單價:25 數量:2 (剩餘庫存: 3)\\r\\n商品名稱:牛奶 單價:60 數量:1 (剩餘庫存: 4)\\r\\n\""}],"isError":false}}
2025-12-13 15:50:55 [HttpClient-3-Worker-6] DEBUG i.m.spec.DefaultMcpSession - Received Response: JSONRPCResponse[jsonrpc=2.0, id=841d5438-6, result={content=[{type=text, text="購物車內容:\n商品名稱:橘子 單價:25 數量:2 (剩餘庫存: 3)\r\n商品名稱:牛奶 單價:60 數量:1 (剩餘庫存: 4)\r\n"}], isError=false}, error=null]
2025-12-13 15:58:42 [RMI TCP Connection(19)-127.0.0.1] INFO  o.s.b.a.SpringApplicationAdminMXBeanRegistrar$SpringApplicationAdmin - Application shutdown requested.
2025-12-13 15:58:42 [RMI TCP Connection(19)-127.0.0.1] INFO  o.s.b.w.e.tomcat.GracefulShutdown - Commencing graceful shutdown. Waiting for active requests to complete
2025-12-13 15:58:42 [tomcat-shutdown] INFO  o.s.b.w.e.tomcat.GracefulShutdown - Graceful shutdown complete
2025-12-13 15:58:51 [main] INFO  c.e.demo.McpClient8080Application - Starting McpClient8080Application using Java 21.0.8 with PID 26968 (C:\Users\User\Documents\workspace-spring-tools-for-eclipse-4.32.1.RELEASE\mcp-client-8080\target\classes started by User in C:\Users\User\Documents\workspace-spring-tools-for-eclipse-4.32.1.RELEASE\mcp-client-8080)
2025-12-13 15:58:51 [main] INFO  c.e.demo.McpClient8080Application - No active profile set, falling back to 1 default profile: "default"
2025-12-13 15:58:52 [main] INFO  o.s.b.w.e.tomcat.TomcatWebServer - Tomcat initialized with port 8080 (http)
2025-12-13 15:58:52 [main] INFO  o.a.catalina.core.StandardService - Starting service [Tomcat]
2025-12-13 15:58:52 [main] INFO  o.a.catalina.core.StandardEngine - Starting Servlet engine: [Apache Tomcat/10.1.41]
2025-12-13 15:58:52 [main] INFO  o.a.c.c.C.[Tomcat].[localhost].[/] - Initializing Spring embedded WebApplicationContext
2025-12-13 15:58:52 [main] INFO  o.s.b.w.s.c.ServletWebServerApplicationContext - Root WebApplicationContext: initialization completed in 594 ms
2025-12-13 15:58:52 [HttpClient-3-Worker-0] DEBUG i.m.spec.McpSchema - Received JSON message: {"jsonrpc":"2.0","id":"4357c637-0","result":{"protocolVersion":"2024-11-05","capabilities":{"logging":{},"tools":{"listChanged":true}},"serverInfo":{"name":"mcp-server","version":"1.0.0"}}}
2025-12-13 15:58:52 [HttpClient-3-Worker-0] DEBUG i.m.spec.DefaultMcpSession - Received Response: JSONRPCResponse[jsonrpc=2.0, id=4357c637-0, result={protocolVersion=2024-11-05, capabilities={logging={}, tools={listChanged=true}}, serverInfo={name=mcp-server, version=1.0.0}}, error=null]
2025-12-13 15:58:52 [HttpClient-3-Worker-0] INFO  i.m.client.McpAsyncClient - Server response with Protocol: 2024-11-05, Capabilities: ServerCapabilities[experimental=null, logging=LoggingCapabilities[], prompts=null, resources=null, tools=ToolCapabilities[listChanged=true]], Info: Implementation[name=mcp-server, version=1.0.0] and Instructions null
2025-12-13 15:58:52 [HttpClient-3-Worker-0] DEBUG i.m.spec.McpSchema - Received JSON message: {"jsonrpc":"2.0","id":"4357c637-1","result":{"tools":[{"name":"viewCart","description":"查看購物車目前所有商品","inputSchema":{"type":"object","properties":{},"required":[],"additionalProperties":false}},{"name":"checkout","description":"購物車結帳","inputSchema":{"type":"object","properties":{},"required":[],"additionalProperties":false}},{"name":"addToCart","description":"將指定商品加入購物車","inputSchema":{"type":"object","properties":{"name":{"type":"string","description":"商品名稱"},"quantity":{"type":"integer","format":"int32","description":"買進數量"}},"required":["name","quantity"],"additionalProperties":false}},{"name":"checkInventory","description":"查詢目前所有商品的庫存","inputSchema":{"type":"object","properties":{},"required":[],"additionalProperties":false}}]}}
2025-12-13 15:58:52 [HttpClient-3-Worker-0] DEBUG i.m.spec.DefaultMcpSession - Received Response: JSONRPCResponse[jsonrpc=2.0, id=4357c637-1, result={tools=[{name=viewCart, description=查看購物車目前所有商品, inputSchema={type=object, properties={}, required=[], additionalProperties=false}}, {name=checkout, description=購物車結帳, inputSchema={type=object, properties={}, required=[], additionalProperties=false}}, {name=addToCart, description=將指定商品加入購物車, inputSchema={type=object, properties={name={type=string, description=商品名稱}, quantity={type=integer, format=int32, description=買進數量}}, required=[name, quantity], additionalProperties=false}}, {name=checkInventory, description=查詢目前所有商品的庫存, inputSchema={type=object, properties={}, required=[], additionalProperties=false}}]}, error=null]
2025-12-13 15:58:52 [HttpClient-3-Worker-2] DEBUG i.m.spec.McpSchema - Received JSON message: {"jsonrpc":"2.0","id":"4357c637-2","result":{"tools":[{"name":"viewCart","description":"查看購物車目前所有商品","inputSchema":{"type":"object","properties":{},"required":[],"additionalProperties":false}},{"name":"checkout","description":"購物車結帳","inputSchema":{"type":"object","properties":{},"required":[],"additionalProperties":false}},{"name":"addToCart","description":"將指定商品加入購物車","inputSchema":{"type":"object","properties":{"name":{"type":"string","description":"商品名稱"},"quantity":{"type":"integer","format":"int32","description":"買進數量"}},"required":["name","quantity"],"additionalProperties":false}},{"name":"checkInventory","description":"查詢目前所有商品的庫存","inputSchema":{"type":"object","properties":{},"required":[],"additionalProperties":false}}]}}
2025-12-13 15:58:52 [HttpClient-3-Worker-2] DEBUG i.m.spec.DefaultMcpSession - Received Response: JSONRPCResponse[jsonrpc=2.0, id=4357c637-2, result={tools=[{name=viewCart, description=查看購物車目前所有商品, inputSchema={type=object, properties={}, required=[], additionalProperties=false}}, {name=checkout, description=購物車結帳, inputSchema={type=object, properties={}, required=[], additionalProperties=false}}, {name=addToCart, description=將指定商品加入購物車, inputSchema={type=object, properties={name={type=string, description=商品名稱}, quantity={type=integer, format=int32, description=買進數量}}, required=[name, quantity], additionalProperties=false}}, {name=checkInventory, description=查詢目前所有商品的庫存, inputSchema={type=object, properties={}, required=[], additionalProperties=false}}]}, error=null]
2025-12-13 15:58:53 [HttpClient-3-Worker-3] DEBUG i.m.spec.McpSchema - Received JSON message: {"jsonrpc":"2.0","id":"4357c637-3","result":{"tools":[{"name":"viewCart","description":"查看購物車目前所有商品","inputSchema":{"type":"object","properties":{},"required":[],"additionalProperties":false}},{"name":"checkout","description":"購物車結帳","inputSchema":{"type":"object","properties":{},"required":[],"additionalProperties":false}},{"name":"addToCart","description":"將指定商品加入購物車","inputSchema":{"type":"object","properties":{"name":{"type":"string","description":"商品名稱"},"quantity":{"type":"integer","format":"int32","description":"買進數量"}},"required":["name","quantity"],"additionalProperties":false}},{"name":"checkInventory","description":"查詢目前所有商品的庫存","inputSchema":{"type":"object","properties":{},"required":[],"additionalProperties":false}}]}}
2025-12-13 15:58:53 [HttpClient-3-Worker-3] DEBUG i.m.spec.DefaultMcpSession - Received Response: JSONRPCResponse[jsonrpc=2.0, id=4357c637-3, result={tools=[{name=viewCart, description=查看購物車目前所有商品, inputSchema={type=object, properties={}, required=[], additionalProperties=false}}, {name=checkout, description=購物車結帳, inputSchema={type=object, properties={}, required=[], additionalProperties=false}}, {name=addToCart, description=將指定商品加入購物車, inputSchema={type=object, properties={name={type=string, description=商品名稱}, quantity={type=integer, format=int32, description=買進數量}}, required=[name, quantity], additionalProperties=false}}, {name=checkInventory, description=查詢目前所有商品的庫存, inputSchema={type=object, properties={}, required=[], additionalProperties=false}}]}, error=null]
2025-12-13 15:58:53 [main] INFO  o.s.b.w.e.tomcat.TomcatWebServer - Tomcat started on port 8080 (http) with context path '/'
2025-12-13 15:58:53 [main] INFO  c.e.demo.McpClient8080Application - Started McpClient8080Application in 1.656 seconds (process running for 2.031)
2025-12-13 15:59:05 [http-nio-8080-exec-1] INFO  o.a.c.c.C.[Tomcat].[localhost].[/] - Initializing Spring DispatcherServlet 'dispatcherServlet'
2025-12-13 15:59:05 [http-nio-8080-exec-1] INFO  o.s.web.servlet.DispatcherServlet - Initializing Servlet 'dispatcherServlet'
2025-12-13 15:59:05 [http-nio-8080-exec-1] INFO  o.s.web.servlet.DispatcherServlet - Completed initialization in 1 ms
2025-12-13 15:59:09 [http-nio-8080-exec-1] DEBUG o.s.a.m.t.DefaultToolCallingManager - Executing tool call: checkInventory
2025-12-13 15:59:09 [HttpClient-3-Worker-0] DEBUG i.m.spec.McpSchema - Received JSON message: {"jsonrpc":"2.0","id":"4357c637-4","result":{"content":[{"type":"text","type":"text","text":"\"目前庫存狀態:\\n商品名稱:蘋果 庫存:5\\r\\n商品名稱:香蕉 庫存:5\\r\\n商品名稱:橘子 庫存:5\\r\\n商品名稱:牛奶 庫存:5\\r\\n商品名稱:麵包 庫存:5\\r\\n\""}],"isError":false}}
2025-12-13 15:59:09 [HttpClient-3-Worker-0] DEBUG i.m.spec.DefaultMcpSession - Received Response: JSONRPCResponse[jsonrpc=2.0, id=4357c637-4, result={content=[{type=text, text="目前庫存狀態:\n商品名稱:蘋果 庫存:5\r\n商品名稱:香蕉 庫存:5\r\n商品名稱:橘子 庫存:5\r\n商品名稱:牛奶 庫存:5\r\n商品名稱:麵包 庫存:5\r\n"}], isError=false}, error=null]
2025-12-13 15:59:20 [http-nio-8080-exec-2] DEBUG o.s.a.m.t.DefaultToolCallingManager - Executing tool call: addToCart
2025-12-13 15:59:20 [HttpClient-3-Worker-2] DEBUG i.m.spec.McpSchema - Received JSON message: {"jsonrpc":"2.0","id":"4357c637-5","result":{"content":[{"type":"text","type":"text","text":"\"橘子 已加入購物車, 數量: 2 (剩餘庫存: 3)\\r\\n\""}],"isError":false}}
2025-12-13 15:59:20 [HttpClient-3-Worker-2] DEBUG i.m.spec.DefaultMcpSession - Received Response: JSONRPCResponse[jsonrpc=2.0, id=4357c637-5, result={content=[{type=text, text="橘子 已加入購物車, 數量: 2 (剩餘庫存: 3)\r\n"}], isError=false}, error=null]
2025-12-13 15:59:20 [http-nio-8080-exec-2] DEBUG o.s.a.m.t.DefaultToolCallingManager - Executing tool call: addToCart
2025-12-13 15:59:20 [HttpClient-3-Worker-2] DEBUG i.m.spec.McpSchema - Received JSON message: {"jsonrpc":"2.0","id":"4357c637-6","result":{"content":[{"type":"text","type":"text","text":"\"牛奶 已加入購物車, 數量: 1 (剩餘庫存: 4)\\r\\n\""}],"isError":false}}
2025-12-13 15:59:20 [HttpClient-3-Worker-2] DEBUG i.m.spec.DefaultMcpSession - Received Response: JSONRPCResponse[jsonrpc=2.0, id=4357c637-6, result={content=[{type=text, text="牛奶 已加入購物車, 數量: 1 (剩餘庫存: 4)\r\n"}], isError=false}, error=null]
2025-12-13 15:59:27 [http-nio-8080-exec-3] DEBUG o.s.a.m.t.DefaultToolCallingManager - Executing tool call: viewCart
2025-12-13 15:59:27 [HttpClient-3-Worker-0] DEBUG i.m.spec.McpSchema - Received JSON message: {"jsonrpc":"2.0","id":"4357c637-7","result":{"content":[{"type":"text","type":"text","text":"\"購物車內容:\\n商品名稱:橘子 單價:25 數量:2 (剩餘庫存: 3)\\r\\n商品名稱:牛奶 單價:60 數量:1 (剩餘庫存: 4)\\r\\n\""}],"isError":false}}
2025-12-13 15:59:27 [HttpClient-3-Worker-0] DEBUG i.m.spec.DefaultMcpSession - Received Response: JSONRPCResponse[jsonrpc=2.0, id=4357c637-7, result={content=[{type=text, text="購物車內容:\n商品名稱:橘子 單價:25 數量:2 (剩餘庫存: 3)\r\n商品名稱:牛奶 單價:60 數量:1 (剩餘庫存: 4)\r\n"}], isError=false}, error=null]
2025-12-13 15:59:32 [http-nio-8080-exec-5] DEBUG o.s.a.m.t.DefaultToolCallingManager - Executing tool call: checkInventory
2025-12-13 15:59:32 [HttpClient-3-Worker-0] DEBUG i.m.spec.McpSchema - Received JSON message: {"jsonrpc":"2.0","id":"4357c637-8","result":{"content":[{"type":"text","type":"text","text":"\"目前庫存狀態:\\n商品名稱:蘋果 庫存:5\\r\\n商品名稱:香蕉 庫存:5\\r\\n商品名稱:橘子 庫存:3\\r\\n商品名稱:牛奶 庫存:4\\r\\n商品名稱:麵包 庫存:5\\r\\n\""}],"isError":false}}
2025-12-13 15:59:32 [HttpClient-3-Worker-0] DEBUG i.m.spec.DefaultMcpSession - Received Response: JSONRPCResponse[jsonrpc=2.0, id=4357c637-8, result={content=[{type=text, text="目前庫存狀態:\n商品名稱:蘋果 庫存:5\r\n商品名稱:香蕉 庫存:5\r\n商品名稱:橘子 庫存:3\r\n商品名稱:牛奶 庫存:4\r\n商品名稱:麵包 庫存:5\r\n"}], isError=false}, error=null]
2025-12-13 16:01:40 [RMI TCP Connection(12)-127.0.0.1] INFO  o.s.b.a.SpringApplicationAdminMXBeanRegistrar$SpringApplicationAdmin - Application shutdown requested.
2025-12-13 16:01:40 [RMI TCP Connection(12)-127.0.0.1] INFO  o.s.b.w.e.tomcat.GracefulShutdown - Commencing graceful shutdown. Waiting for active requests to complete
2025-12-13 16:01:40 [tomcat-shutdown] INFO  o.s.b.w.e.tomcat.GracefulShutdown - Graceful shutdown complete
2025-12-13 16:32:54 [main] INFO  c.e.demo.McpClient8080Application - Starting McpClient8080Application using Java 21.0.8 with PID 14420 (C:\Users\User\Documents\workspace-spring-tools-for-eclipse-4.32.1.RELEASE\mcp-client-8080\target\classes started by User in C:\Users\User\Documents\workspace-spring-tools-for-eclipse-4.32.1.RELEASE\mcp-client-8080)
2025-12-13 16:32:54 [main] INFO  c.e.demo.McpClient8080Application - No active profile set, falling back to 1 default profile: "default"
2025-12-13 16:32:55 [main] INFO  o.s.b.w.e.tomcat.TomcatWebServer - Tomcat initialized with port 8080 (http)
2025-12-13 16:32:55 [main] INFO  o.a.catalina.core.StandardService - Starting service [Tomcat]
2025-12-13 16:32:55 [main] INFO  o.a.catalina.core.StandardEngine - Starting Servlet engine: [Apache Tomcat/10.1.41]
2025-12-13 16:32:55 [main] INFO  o.a.c.c.C.[Tomcat].[localhost].[/] - Initializing Spring embedded WebApplicationContext
2025-12-13 16:32:55 [main] INFO  o.s.b.w.s.c.ServletWebServerApplicationContext - Root WebApplicationContext: initialization completed in 607 ms
2025-12-13 16:32:55 [ForkJoinPool.commonPool-worker-1] ERROR i.m.c.t.HttpClientSseClientTransport - SSE connection error
java.util.concurrent.CompletionException: java.net.ConnectException
	at java.base/java.util.concurrent.CompletableFuture.encodeRelay(CompletableFuture.java:368)
	at java.base/java.util.concurrent.CompletableFuture.completeRelay(CompletableFuture.java:377)
	at java.base/java.util.concurrent.CompletableFuture$UniCompose.tryFire(CompletableFuture.java:1152)
	at java.base/java.util.concurrent.CompletableFuture.postComplete(CompletableFuture.java:510)
	at java.base/java.util.concurrent.CompletableFuture$AsyncSupply.run(CompletableFuture.java:1773)
	at java.base/java.util.concurrent.ThreadPoolExecutor.runWorker(ThreadPoolExecutor.java:1144)
	at java.base/java.util.concurrent.ThreadPoolExecutor$Worker.run(ThreadPoolExecutor.java:642)
	at java.base/java.lang.Thread.run(Thread.java:1583)
Caused by: java.net.ConnectException: null
	at java.net.http/jdk.internal.net.http.common.Utils.toConnectException(Utils.java:1065)
	at java.net.http/jdk.internal.net.http.PlainHttpConnection.connectAsync(PlainHttpConnection.java:227)
	at java.net.http/jdk.internal.net.http.PlainHttpConnection.checkRetryConnect(PlainHttpConnection.java:280)
	at java.net.http/jdk.internal.net.http.PlainHttpConnection.lambda$connectAsync$2(PlainHttpConnection.java:238)
	at java.base/java.util.concurrent.CompletableFuture.uniHandle(CompletableFuture.java:934)
	at java.base/java.util.concurrent.CompletableFuture$UniHandle.tryFire(CompletableFuture.java:911)
	... 5 common frames omitted
Caused by: java.nio.channels.ClosedChannelException: null
	at java.base/sun.nio.ch.SocketChannelImpl.ensureOpen(SocketChannelImpl.java:202)
	at java.base/sun.nio.ch.SocketChannelImpl.beginConnect(SocketChannelImpl.java:786)
	at java.base/sun.nio.ch.SocketChannelImpl.connect(SocketChannelImpl.java:874)
	at java.net.http/jdk.internal.net.http.PlainHttpConnection.lambda$connectAsync$1(PlainHttpConnection.java:210)
	at java.base/java.security.AccessController.doPrivileged(AccessController.java:571)
	at java.net.http/jdk.internal.net.http.PlainHttpConnection.connectAsync(PlainHttpConnection.java:212)
	... 9 common frames omitted
2025-12-13 16:32:55 [ForkJoinPool.commonPool-worker-1] ERROR reactor.core.publisher.Operators - Operator called default onErrorDropped
reactor.core.Exceptions$ErrorCallbackNotImplemented: java.net.ConnectException
Caused by: java.net.ConnectException: null
	at java.net.http/jdk.internal.net.http.common.Utils.toConnectException(Utils.java:1065)
	at java.net.http/jdk.internal.net.http.PlainHttpConnection.connectAsync(PlainHttpConnection.java:227)
	at java.net.http/jdk.internal.net.http.PlainHttpConnection.checkRetryConnect(PlainHttpConnection.java:280)
	at java.net.http/jdk.internal.net.http.PlainHttpConnection.lambda$connectAsync$2(PlainHttpConnection.java:238)
	at java.base/java.util.concurrent.CompletableFuture.uniHandle(CompletableFuture.java:934)
	at java.base/java.util.concurrent.CompletableFuture$UniHandle.tryFire(CompletableFuture.java:911)
	at java.base/java.util.concurrent.CompletableFuture.postComplete(CompletableFuture.java:510)
	at java.base/java.util.concurrent.CompletableFuture$AsyncSupply.run(CompletableFuture.java:1773)
	at java.base/java.util.concurrent.ThreadPoolExecutor.runWorker(ThreadPoolExecutor.java:1144)
	at java.base/java.util.concurrent.ThreadPoolExecutor$Worker.run(ThreadPoolExecutor.java:642)
	at java.base/java.lang.Thread.run(Thread.java:1583)
Caused by: java.nio.channels.ClosedChannelException: null
	at java.base/sun.nio.ch.SocketChannelImpl.ensureOpen(SocketChannelImpl.java:202)
	at java.base/sun.nio.ch.SocketChannelImpl.beginConnect(SocketChannelImpl.java:786)
	at java.base/sun.nio.ch.SocketChannelImpl.connect(SocketChannelImpl.java:874)
	at java.net.http/jdk.internal.net.http.PlainHttpConnection.lambda$connectAsync$1(PlainHttpConnection.java:210)
	at java.base/java.security.AccessController.doPrivileged(AccessController.java:571)
	at java.net.http/jdk.internal.net.http.PlainHttpConnection.connectAsync(PlainHttpConnection.java:212)
	... 9 common frames omitted
2025-12-13 16:33:05 [main] WARN  o.s.b.w.s.c.AnnotationConfigServletWebServerApplicationContext - Exception encountered during context initialization - cancelling refresh attempt: org.springframework.beans.factory.UnsatisfiedDependencyException: Error creating bean with name 'mcpChatController' defined in file [C:\Users\User\Documents\workspace-spring-tools-for-eclipse-4.32.1.RELEASE\mcp-client-8080\target\classes\com\example\demo\controller\McpChatController.class]: Unsatisfied dependency expressed through constructor parameter 0: Error creating bean with name 'chatClientBuilder' defined in class path resource [org/springframework/ai/autoconfigure/chat/client/ChatClientAutoConfiguration.class]: Unsatisfied dependency expressed through method 'chatClientBuilder' parameter 1: Error creating bean with name 'ollamaChatModel' defined in class path resource [org/springframework/ai/autoconfigure/ollama/OllamaAutoConfiguration.class]: Unsatisfied dependency expressed through method 'ollamaChatModel' parameter 3: Error creating bean with name 'toolCallingManager' defined in class path resource [org/springframework/ai/autoconfigure/chat/model/ToolCallingAutoConfiguration.class]: Unsatisfied dependency expressed through method 'toolCallingManager' parameter 0: Error creating bean with name 'toolCallbackResolver' defined in class path resource [org/springframework/ai/autoconfigure/chat/model/ToolCallingAutoConfiguration.class]: Unsatisfied dependency expressed through method 'toolCallbackResolver' parameter 2: Error creating bean with name 'toolCallbacks' defined in class path resource [org/springframework/ai/autoconfigure/mcp/client/McpClientAutoConfiguration.class]: Failed to instantiate [org.springframework.ai.tool.ToolCallbackProvider]: Factory method 'toolCallbacks' threw exception with message: Error creating bean with name 'mcpSyncClients' defined in class path resource [org/springframework/ai/autoconfigure/mcp/client/McpClientAutoConfiguration.class]: Failed to instantiate [java.util.List]: Factory method 'mcpSyncClients' threw exception with message: Failed to wait for the message endpoint
2025-12-13 16:33:05 [main] INFO  o.a.catalina.core.StandardService - Stopping service [Tomcat]
2025-12-13 16:33:05 [main] INFO  o.s.b.a.l.ConditionEvaluationReportLogger - 

Error starting ApplicationContext. To display the condition evaluation report re-run your application with 'debug' enabled.
2025-12-13 16:33:05 [main] ERROR o.s.boot.SpringApplication - Application run failed
org.springframework.beans.factory.UnsatisfiedDependencyException: Error creating bean with name 'mcpChatController' defined in file [C:\Users\User\Documents\workspace-spring-tools-for-eclipse-4.32.1.RELEASE\mcp-client-8080\target\classes\com\example\demo\controller\McpChatController.class]: Unsatisfied dependency expressed through constructor parameter 0: Error creating bean with name 'chatClientBuilder' defined in class path resource [org/springframework/ai/autoconfigure/chat/client/ChatClientAutoConfiguration.class]: Unsatisfied dependency expressed through method 'chatClientBuilder' parameter 1: Error creating bean with name 'ollamaChatModel' defined in class path resource [org/springframework/ai/autoconfigure/ollama/OllamaAutoConfiguration.class]: Unsatisfied dependency expressed through method 'ollamaChatModel' parameter 3: Error creating bean with name 'toolCallingManager' defined in class path resource [org/springframework/ai/autoconfigure/chat/model/ToolCallingAutoConfiguration.class]: Unsatisfied dependency expressed through method 'toolCallingManager' parameter 0: Error creating bean with name 'toolCallbackResolver' defined in class path resource [org/springframework/ai/autoconfigure/chat/model/ToolCallingAutoConfiguration.class]: Unsatisfied dependency expressed through method 'toolCallbackResolver' parameter 2: Error creating bean with name 'toolCallbacks' defined in class path resource [org/springframework/ai/autoconfigure/mcp/client/McpClientAutoConfiguration.class]: Failed to instantiate [org.springframework.ai.tool.ToolCallbackProvider]: Factory method 'toolCallbacks' threw exception with message: Error creating bean with name 'mcpSyncClients' defined in class path resource [org/springframework/ai/autoconfigure/mcp/client/McpClientAutoConfiguration.class]: Failed to instantiate [java.util.List]: Factory method 'mcpSyncClients' threw exception with message: Failed to wait for the message endpoint
	at org.springframework.beans.factory.support.ConstructorResolver.createArgumentArray(ConstructorResolver.java:804)
	at org.springframework.beans.factory.support.ConstructorResolver.autowireConstructor(ConstructorResolver.java:240)
	at org.springframework.beans.factory.support.AbstractAutowireCapableBeanFactory.autowireConstructor(AbstractAutowireCapableBeanFactory.java:1395)
	at org.springframework.beans.factory.support.AbstractAutowireCapableBeanFactory.createBeanInstance(AbstractAutowireCapableBeanFactory.java:1232)
	at org.springframework.beans.factory.support.AbstractAutowireCapableBeanFactory.doCreateBean(AbstractAutowireCapableBeanFactory.java:569)
	at org.springframework.beans.factory.support.AbstractAutowireCapableBeanFactory.createBean(AbstractAutowireCapableBeanFactory.java:529)
	at org.springframework.beans.factory.support.AbstractBeanFactory.lambda$doGetBean$0(AbstractBeanFactory.java:339)
	at org.springframework.beans.factory.support.DefaultSingletonBeanRegistry.getSingleton(DefaultSingletonBeanRegistry.java:373)
	at org.springframework.beans.factory.support.AbstractBeanFactory.doGetBean(AbstractBeanFactory.java:337)
	at org.springframework.beans.factory.support.AbstractBeanFactory.getBean(AbstractBeanFactory.java:202)
	at org.springframework.beans.factory.support.DefaultListableBeanFactory.instantiateSingleton(DefaultListableBeanFactory.java:1222)
	at org.springframework.beans.factory.support.DefaultListableBeanFactory.preInstantiateSingleton(DefaultListableBeanFactory.java:1188)
	at org.springframework.beans.factory.support.DefaultListableBeanFactory.preInstantiateSingletons(DefaultListableBeanFactory.java:1123)
	at org.springframework.context.support.AbstractApplicationContext.finishBeanFactoryInitialization(AbstractApplicationContext.java:987)
	at org.springframework.context.support.AbstractApplicationContext.refresh(AbstractApplicationContext.java:627)
	at org.springframework.boot.web.servlet.context.ServletWebServerApplicationContext.refresh(ServletWebServerApplicationContext.java:146)
	at org.springframework.boot.SpringApplication.refresh(SpringApplication.java:753)
	at org.springframework.boot.SpringApplication.refreshContext(SpringApplication.java:439)
	at org.springframework.boot.SpringApplication.run(SpringApplication.java:318)
	at org.springframework.boot.SpringApplication.run(SpringApplication.java:1362)
	at org.springframework.boot.SpringApplication.run(SpringApplication.java:1351)
	at com.example.demo.McpClient8080Application.main(McpClient8080Application.java:10)
Caused by: org.springframework.beans.factory.UnsatisfiedDependencyException: Error creating bean with name 'chatClientBuilder' defined in class path resource [org/springframework/ai/autoconfigure/chat/client/ChatClientAutoConfiguration.class]: Unsatisfied dependency expressed through method 'chatClientBuilder' parameter 1: Error creating bean with name 'ollamaChatModel' defined in class path resource [org/springframework/ai/autoconfigure/ollama/OllamaAutoConfiguration.class]: Unsatisfied dependency expressed through method 'ollamaChatModel' parameter 3: Error creating bean with name 'toolCallingManager' defined in class path resource [org/springframework/ai/autoconfigure/chat/model/ToolCallingAutoConfiguration.class]: Unsatisfied dependency expressed through method 'toolCallingManager' parameter 0: Error creating bean with name 'toolCallbackResolver' defined in class path resource [org/springframework/ai/autoconfigure/chat/model/ToolCallingAutoConfiguration.class]: Unsatisfied dependency expressed through method 'toolCallbackResolver' parameter 2: Error creating bean with name 'toolCallbacks' defined in class path resource [org/springframework/ai/autoconfigure/mcp/client/McpClientAutoConfiguration.class]: Failed to instantiate [org.springframework.ai.tool.ToolCallbackProvider]: Factory method 'toolCallbacks' threw exception with message: Error creating bean with name 'mcpSyncClients' defined in class path resource [org/springframework/ai/autoconfigure/mcp/client/McpClientAutoConfiguration.class]: Failed to instantiate [java.util.List]: Factory method 'mcpSyncClients' threw exception with message: Failed to wait for the message endpoint
	at org.springframework.beans.factory.support.ConstructorResolver.createArgumentArray(ConstructorResolver.java:804)
	at org.springframework.beans.factory.support.ConstructorResolver.instantiateUsingFactoryMethod(ConstructorResolver.java:546)
	at org.springframework.beans.factory.support.AbstractAutowireCapableBeanFactory.instantiateUsingFactoryMethod(AbstractAutowireCapableBeanFactory.java:1375)
	at org.springframework.beans.factory.support.AbstractAutowireCapableBeanFactory.createBeanInstance(AbstractAutowireCapableBeanFactory.java:1205)
	at org.springframework.beans.factory.support.AbstractAutowireCapableBeanFactory.doCreateBean(AbstractAutowireCapableBeanFactory.java:569)
	at org.springframework.beans.factory.support.AbstractAutowireCapableBeanFactory.createBean(AbstractAutowireCapableBeanFactory.java:529)
	at org.springframework.beans.factory.support.AbstractBeanFactory.doGetBean(AbstractBeanFactory.java:357)
	at org.springframework.beans.factory.support.AbstractBeanFactory.getBean(AbstractBeanFactory.java:202)
	at org.springframework.beans.factory.support.DefaultListableBeanFactory.doResolveDependency(DefaultListableBeanFactory.java:1682)
	at org.springframework.beans.factory.support.DefaultListableBeanFactory.resolveDependency(DefaultListableBeanFactory.java:1628)
	at org.springframework.beans.factory.support.ConstructorResolver.resolveAutowiredArgument(ConstructorResolver.java:913)
	at org.springframework.beans.factory.support.ConstructorResolver.createArgumentArray(ConstructorResolver.java:791)
	... 21 common frames omitted
Caused by: org.springframework.beans.factory.UnsatisfiedDependencyException: Error creating bean with name 'ollamaChatModel' defined in class path resource [org/springframework/ai/autoconfigure/ollama/OllamaAutoConfiguration.class]: Unsatisfied dependency expressed through method 'ollamaChatModel' parameter 3: Error creating bean with name 'toolCallingManager' defined in class path resource [org/springframework/ai/autoconfigure/chat/model/ToolCallingAutoConfiguration.class]: Unsatisfied dependency expressed through method 'toolCallingManager' parameter 0: Error creating bean with name 'toolCallbackResolver' defined in class path resource [org/springframework/ai/autoconfigure/chat/model/ToolCallingAutoConfiguration.class]: Unsatisfied dependency expressed through method 'toolCallbackResolver' parameter 2: Error creating bean with name 'toolCallbacks' defined in class path resource [org/springframework/ai/autoconfigure/mcp/client/McpClientAutoConfiguration.class]: Failed to instantiate [org.springframework.ai.tool.ToolCallbackProvider]: Factory method 'toolCallbacks' threw exception with message: Error creating bean with name 'mcpSyncClients' defined in class path resource [org/springframework/ai/autoconfigure/mcp/client/McpClientAutoConfiguration.class]: Failed to instantiate [java.util.List]: Factory method 'mcpSyncClients' threw exception with message: Failed to wait for the message endpoint
	at org.springframework.beans.factory.support.ConstructorResolver.createArgumentArray(ConstructorResolver.java:804)
	at org.springframework.beans.factory.support.ConstructorResolver.instantiateUsingFactoryMethod(ConstructorResolver.java:546)
	at org.springframework.beans.factory.support.AbstractAutowireCapableBeanFactory.instantiateUsingFactoryMethod(AbstractAutowireCapableBeanFactory.java:1375)
	at org.springframework.beans.factory.support.AbstractAutowireCapableBeanFactory.createBeanInstance(AbstractAutowireCapableBeanFactory.java:1205)
	at org.springframework.beans.factory.support.AbstractAutowireCapableBeanFactory.doCreateBean(AbstractAutowireCapableBeanFactory.java:569)
	at org.springframework.beans.factory.support.AbstractAutowireCapableBeanFactory.createBean(AbstractAutowireCapableBeanFactory.java:529)
	at org.springframework.beans.factory.support.AbstractBeanFactory.lambda$doGetBean$0(AbstractBeanFactory.java:339)
	at org.springframework.beans.factory.support.DefaultSingletonBeanRegistry.getSingleton(DefaultSingletonBeanRegistry.java:373)
	at org.springframework.beans.factory.support.AbstractBeanFactory.doGetBean(AbstractBeanFactory.java:337)
	at org.springframework.beans.factory.support.AbstractBeanFactory.getBean(AbstractBeanFactory.java:202)
	at org.springframework.beans.factory.config.DependencyDescriptor.resolveCandidate(DependencyDescriptor.java:254)
	at org.springframework.beans.factory.support.DefaultListableBeanFactory.doResolveDependency(DefaultListableBeanFactory.java:1740)
	at org.springframework.beans.factory.support.DefaultListableBeanFactory.resolveDependency(DefaultListableBeanFactory.java:1628)
	at org.springframework.beans.factory.support.ConstructorResolver.resolveAutowiredArgument(ConstructorResolver.java:913)
	at org.springframework.beans.factory.support.ConstructorResolver.createArgumentArray(ConstructorResolver.java:791)
	... 32 common frames omitted
Caused by: org.springframework.beans.factory.UnsatisfiedDependencyException: Error creating bean with name 'toolCallingManager' defined in class path resource [org/springframework/ai/autoconfigure/chat/model/ToolCallingAutoConfiguration.class]: Unsatisfied dependency expressed through method 'toolCallingManager' parameter 0: Error creating bean with name 'toolCallbackResolver' defined in class path resource [org/springframework/ai/autoconfigure/chat/model/ToolCallingAutoConfiguration.class]: Unsatisfied dependency expressed through method 'toolCallbackResolver' parameter 2: Error creating bean with name 'toolCallbacks' defined in class path resource [org/springframework/ai/autoconfigure/mcp/client/McpClientAutoConfiguration.class]: Failed to instantiate [org.springframework.ai.tool.ToolCallbackProvider]: Factory method 'toolCallbacks' threw exception with message: Error creating bean with name 'mcpSyncClients' defined in class path resource [org/springframework/ai/autoconfigure/mcp/client/McpClientAutoConfiguration.class]: Failed to instantiate [java.util.List]: Factory method 'mcpSyncClients' threw exception with message: Failed to wait for the message endpoint
	at org.springframework.beans.factory.support.ConstructorResolver.createArgumentArray(ConstructorResolver.java:804)
	at org.springframework.beans.factory.support.ConstructorResolver.instantiateUsingFactoryMethod(ConstructorResolver.java:546)
	at org.springframework.beans.factory.support.AbstractAutowireCapableBeanFactory.instantiateUsingFactoryMethod(AbstractAutowireCapableBeanFactory.java:1375)
	at org.springframework.beans.factory.support.AbstractAutowireCapableBeanFactory.createBeanInstance(AbstractAutowireCapableBeanFactory.java:1205)
	at org.springframework.beans.factory.support.AbstractAutowireCapableBeanFactory.doCreateBean(AbstractAutowireCapableBeanFactory.java:569)
	at org.springframework.beans.factory.support.AbstractAutowireCapableBeanFactory.createBean(AbstractAutowireCapableBeanFactory.java:529)
	at org.springframework.beans.factory.support.AbstractBeanFactory.lambda$doGetBean$0(AbstractBeanFactory.java:339)
	at org.springframework.beans.factory.support.DefaultSingletonBeanRegistry.getSingleton(DefaultSingletonBeanRegistry.java:373)
	at org.springframework.beans.factory.support.AbstractBeanFactory.doGetBean(AbstractBeanFactory.java:337)
	at org.springframework.beans.factory.support.AbstractBeanFactory.getBean(AbstractBeanFactory.java:202)
	at org.springframework.beans.factory.support.DefaultListableBeanFactory.doResolveDependency(DefaultListableBeanFactory.java:1682)
	at org.springframework.beans.factory.support.DefaultListableBeanFactory.resolveDependency(DefaultListableBeanFactory.java:1628)
	at org.springframework.beans.factory.support.ConstructorResolver.resolveAutowiredArgument(ConstructorResolver.java:913)
	at org.springframework.beans.factory.support.ConstructorResolver.createArgumentArray(ConstructorResolver.java:791)
	... 46 common frames omitted
Caused by: org.springframework.beans.factory.UnsatisfiedDependencyException: Error creating bean with name 'toolCallbackResolver' defined in class path resource [org/springframework/ai/autoconfigure/chat/model/ToolCallingAutoConfiguration.class]: Unsatisfied dependency expressed through method 'toolCallbackResolver' parameter 2: Error creating bean with name 'toolCallbacks' defined in class path resource [org/springframework/ai/autoconfigure/mcp/client/McpClientAutoConfiguration.class]: Failed to instantiate [org.springframework.ai.tool.ToolCallbackProvider]: Factory method 'toolCallbacks' threw exception with message: Error creating bean with name 'mcpSyncClients' defined in class path resource [org/springframework/ai/autoconfigure/mcp/client/McpClientAutoConfiguration.class]: Failed to instantiate [java.util.List]: Factory method 'mcpSyncClients' threw exception with message: Failed to wait for the message endpoint
	at org.springframework.beans.factory.support.ConstructorResolver.createArgumentArray(ConstructorResolver.java:804)
	at org.springframework.beans.factory.support.ConstructorResolver.instantiateUsingFactoryMethod(ConstructorResolver.java:546)
	at org.springframework.beans.factory.support.AbstractAutowireCapableBeanFactory.instantiateUsingFactoryMethod(AbstractAutowireCapableBeanFactory.java:1375)
	at org.springframework.beans.factory.support.AbstractAutowireCapableBeanFactory.createBeanInstance(AbstractAutowireCapableBeanFactory.java:1205)
	at org.springframework.beans.factory.support.AbstractAutowireCapableBeanFactory.doCreateBean(AbstractAutowireCapableBeanFactory.java:569)
	at org.springframework.beans.factory.support.AbstractAutowireCapableBeanFactory.createBean(AbstractAutowireCapableBeanFactory.java:529)
	at org.springframework.beans.factory.support.AbstractBeanFactory.lambda$doGetBean$0(AbstractBeanFactory.java:339)
	at org.springframework.beans.factory.support.DefaultSingletonBeanRegistry.getSingleton(DefaultSingletonBeanRegistry.java:373)
	at org.springframework.beans.factory.support.AbstractBeanFactory.doGetBean(AbstractBeanFactory.java:337)
	at org.springframework.beans.factory.support.AbstractBeanFactory.getBean(AbstractBeanFactory.java:202)
	at org.springframework.beans.factory.support.DefaultListableBeanFactory.doResolveDependency(DefaultListableBeanFactory.java:1682)
	at org.springframework.beans.factory.support.DefaultListableBeanFactory.resolveDependency(DefaultListableBeanFactory.java:1628)
	at org.springframework.beans.factory.support.ConstructorResolver.resolveAutowiredArgument(ConstructorResolver.java:913)
	at org.springframework.beans.factory.support.ConstructorResolver.createArgumentArray(ConstructorResolver.java:791)
	... 59 common frames omitted
Caused by: org.springframework.beans.factory.BeanCreationException: Error creating bean with name 'toolCallbacks' defined in class path resource [org/springframework/ai/autoconfigure/mcp/client/McpClientAutoConfiguration.class]: Failed to instantiate [org.springframework.ai.tool.ToolCallbackProvider]: Factory method 'toolCallbacks' threw exception with message: Error creating bean with name 'mcpSyncClients' defined in class path resource [org/springframework/ai/autoconfigure/mcp/client/McpClientAutoConfiguration.class]: Failed to instantiate [java.util.List]: Factory method 'mcpSyncClients' threw exception with message: Failed to wait for the message endpoint
	at org.springframework.beans.factory.support.ConstructorResolver.instantiate(ConstructorResolver.java:657)
	at org.springframework.beans.factory.support.ConstructorResolver.instantiateUsingFactoryMethod(ConstructorResolver.java:645)
	at org.springframework.beans.factory.support.AbstractAutowireCapableBeanFactory.instantiateUsingFactoryMethod(AbstractAutowireCapableBeanFactory.java:1375)
	at org.springframework.beans.factory.support.AbstractAutowireCapableBeanFactory.createBeanInstance(AbstractAutowireCapableBeanFactory.java:1205)
	at org.springframework.beans.factory.support.AbstractAutowireCapableBeanFactory.doCreateBean(AbstractAutowireCapableBeanFactory.java:569)
	at org.springframework.beans.factory.support.AbstractAutowireCapableBeanFactory.createBean(AbstractAutowireCapableBeanFactory.java:529)
	at org.springframework.beans.factory.support.AbstractBeanFactory.lambda$doGetBean$0(AbstractBeanFactory.java:339)
	at org.springframework.beans.factory.support.DefaultSingletonBeanRegistry.getSingleton(DefaultSingletonBeanRegistry.java:373)
	at org.springframework.beans.factory.support.AbstractBeanFactory.doGetBean(AbstractBeanFactory.java:337)
	at org.springframework.beans.factory.support.AbstractBeanFactory.getBean(AbstractBeanFactory.java:202)
	at org.springframework.beans.factory.config.DependencyDescriptor.resolveCandidate(DependencyDescriptor.java:254)
	at org.springframework.beans.factory.support.DefaultListableBeanFactory.addCandidateEntry(DefaultListableBeanFactory.java:1992)
	at org.springframework.beans.factory.support.DefaultListableBeanFactory.findAutowireCandidates(DefaultListableBeanFactory.java:1956)
	at org.springframework.beans.factory.support.DefaultListableBeanFactory.resolveMultipleBeanCollection(DefaultListableBeanFactory.java:1846)
	at org.springframework.beans.factory.support.DefaultListableBeanFactory.resolveMultipleBeans(DefaultListableBeanFactory.java:1814)
	at org.springframework.beans.factory.support.DefaultListableBeanFactory.doResolveDependency(DefaultListableBeanFactory.java:1689)
	at org.springframework.beans.factory.support.DefaultListableBeanFactory.resolveDependency(DefaultListableBeanFactory.java:1628)
	at org.springframework.beans.factory.support.ConstructorResolver.resolveAutowiredArgument(ConstructorResolver.java:913)
	at org.springframework.beans.factory.support.ConstructorResolver.createArgumentArray(ConstructorResolver.java:791)
	... 72 common frames omitted
Caused by: org.springframework.beans.BeanInstantiationException: Failed to instantiate [org.springframework.ai.tool.ToolCallbackProvider]: Factory method 'toolCallbacks' threw exception with message: Error creating bean with name 'mcpSyncClients' defined in class path resource [org/springframework/ai/autoconfigure/mcp/client/McpClientAutoConfiguration.class]: Failed to instantiate [java.util.List]: Factory method 'mcpSyncClients' threw exception with message: Failed to wait for the message endpoint
	at org.springframework.beans.factory.support.SimpleInstantiationStrategy.lambda$instantiate$0(SimpleInstantiationStrategy.java:199)
	at org.springframework.beans.factory.support.SimpleInstantiationStrategy.instantiateWithFactoryMethod(SimpleInstantiationStrategy.java:88)
	at org.springframework.beans.factory.support.SimpleInstantiationStrategy.instantiate(SimpleInstantiationStrategy.java:168)
	at org.springframework.beans.factory.support.ConstructorResolver.instantiate(ConstructorResolver.java:653)
	... 90 common frames omitted
Caused by: org.springframework.beans.factory.BeanCreationException: Error creating bean with name 'mcpSyncClients' defined in class path resource [org/springframework/ai/autoconfigure/mcp/client/McpClientAutoConfiguration.class]: Failed to instantiate [java.util.List]: Factory method 'mcpSyncClients' threw exception with message: Failed to wait for the message endpoint
	at org.springframework.beans.factory.support.ConstructorResolver.instantiate(ConstructorResolver.java:657)
	at org.springframework.beans.factory.support.ConstructorResolver.instantiateUsingFactoryMethod(ConstructorResolver.java:645)
	at org.springframework.beans.factory.support.AbstractAutowireCapableBeanFactory.instantiateUsingFactoryMethod(AbstractAutowireCapableBeanFactory.java:1375)
	at org.springframework.beans.factory.support.AbstractAutowireCapableBeanFactory.createBeanInstance(AbstractAutowireCapableBeanFactory.java:1205)
	at org.springframework.beans.factory.support.AbstractAutowireCapableBeanFactory.doCreateBean(AbstractAutowireCapableBeanFactory.java:569)
	at org.springframework.beans.factory.support.AbstractAutowireCapableBeanFactory.createBean(AbstractAutowireCapableBeanFactory.java:529)
	at org.springframework.beans.factory.support.AbstractBeanFactory.lambda$doGetBean$0(AbstractBeanFactory.java:339)
	at org.springframework.beans.factory.support.DefaultSingletonBeanRegistry.getSingleton(DefaultSingletonBeanRegistry.java:373)
	at org.springframework.beans.factory.support.AbstractBeanFactory.doGetBean(AbstractBeanFactory.java:337)
	at org.springframework.beans.factory.support.AbstractBeanFactory.getBean(AbstractBeanFactory.java:202)
	at org.springframework.beans.factory.config.DependencyDescriptor.resolveCandidate(DependencyDescriptor.java:254)
	at org.springframework.beans.factory.support.DefaultListableBeanFactory.lambda$resolveMultipleBeans$11(DefaultListableBeanFactory.java:1778)
	at java.base/java.util.stream.ReferencePipeline$3$1.accept(ReferencePipeline.java:197)
	at java.base/java.util.Iterator.forEachRemaining(Iterator.java:133)
	at java.base/java.util.Spliterators$IteratorSpliterator.forEachRemaining(Spliterators.java:1939)
	at java.base/java.util.stream.AbstractPipeline.copyInto(AbstractPipeline.java:509)
	at java.base/java.util.stream.AbstractPipeline.wrapAndCopyInto(AbstractPipeline.java:499)
	at java.base/java.util.stream.AbstractPipeline.evaluate(AbstractPipeline.java:575)
	at java.base/java.util.stream.AbstractPipeline.evaluateToArrayNode(AbstractPipeline.java:260)
	at java.base/java.util.stream.ReferencePipeline.toArray(ReferencePipeline.java:616)
	at java.base/java.util.stream.ReferencePipeline.toArray(ReferencePipeline.java:622)
	at java.base/java.util.stream.ReferencePipeline.toList(ReferencePipeline.java:627)
	at org.springframework.ai.autoconfigure.mcp.client.McpClientAutoConfiguration.toolCallbacks(McpClientAutoConfiguration.java:182)
	at java.base/jdk.internal.reflect.DirectMethodHandleAccessor.invoke(DirectMethodHandleAccessor.java:103)
	at java.base/java.lang.reflect.Method.invoke(Method.java:580)
	at org.springframework.beans.factory.support.SimpleInstantiationStrategy.lambda$instantiate$0(SimpleInstantiationStrategy.java:171)
	... 93 common frames omitted
Caused by: org.springframework.beans.BeanInstantiationException: Failed to instantiate [java.util.List]: Factory method 'mcpSyncClients' threw exception with message: Failed to wait for the message endpoint
	at org.springframework.beans.factory.support.SimpleInstantiationStrategy.lambda$instantiate$0(SimpleInstantiationStrategy.java:199)
	at org.springframework.beans.factory.support.SimpleInstantiationStrategy.instantiateWithFactoryMethod(SimpleInstantiationStrategy.java:88)
	at org.springframework.beans.factory.support.SimpleInstantiationStrategy.instantiate(SimpleInstantiationStrategy.java:168)
	at org.springframework.beans.factory.support.ConstructorResolver.instantiate(ConstructorResolver.java:653)
	... 118 common frames omitted
Caused by: io.modelcontextprotocol.spec.McpError: Failed to wait for the message endpoint
	at io.modelcontextprotocol.client.transport.HttpClientSseClientTransport.sendMessage(HttpClientSseClientTransport.java:198)
	at io.modelcontextprotocol.spec.DefaultMcpSession.lambda$sendRequest$11(DefaultMcpSession.java:232)
	at reactor.core.publisher.MonoCreate.subscribe(MonoCreate.java:61)
	at reactor.core.publisher.Mono.subscribe(Mono.java:4576)
	at reactor.core.publisher.Mono.block(Mono.java:1778)
	at io.modelcontextprotocol.client.McpSyncClient.initialize(McpSyncClient.java:157)
	at org.springframework.ai.autoconfigure.mcp.client.McpClientAutoConfiguration.mcpSyncClients(McpClientAutoConfiguration.java:159)
	at java.base/jdk.internal.reflect.DirectMethodHandleAccessor.invoke(DirectMethodHandleAccessor.java:103)
	at java.base/java.lang.reflect.Method.invoke(Method.java:580)
	at org.springframework.beans.factory.support.SimpleInstantiationStrategy.lambda$instantiate$0(SimpleInstantiationStrategy.java:171)
	... 121 common frames omitted
	Suppressed: java.lang.Exception: #block terminated with an error
		at reactor.core.publisher.BlockingSingleSubscriber.blockingGet(BlockingSingleSubscriber.java:104)
		at reactor.core.publisher.Mono.block(Mono.java:1779)
		... 126 common frames omitted
2025-12-13 16:33:24 [main] INFO  c.e.demo.McpClient8080Application - Starting McpClient8080Application using Java 21.0.8 with PID 9980 (C:\Users\User\Documents\workspace-spring-tools-for-eclipse-4.32.1.RELEASE\mcp-client-8080\target\classes started by User in C:\Users\User\Documents\workspace-spring-tools-for-eclipse-4.32.1.RELEASE\mcp-client-8080)
2025-12-13 16:33:24 [main] INFO  c.e.demo.McpClient8080Application - No active profile set, falling back to 1 default profile: "default"
2025-12-13 16:33:24 [main] INFO  o.s.b.w.e.tomcat.TomcatWebServer - Tomcat initialized with port 8080 (http)
2025-12-13 16:33:24 [main] INFO  o.a.catalina.core.StandardService - Starting service [Tomcat]
2025-12-13 16:33:24 [main] INFO  o.a.catalina.core.StandardEngine - Starting Servlet engine: [Apache Tomcat/10.1.41]
2025-12-13 16:33:24 [main] INFO  o.a.c.c.C.[Tomcat].[localhost].[/] - Initializing Spring embedded WebApplicationContext
2025-12-13 16:33:24 [main] INFO  o.s.b.w.s.c.ServletWebServerApplicationContext - Root WebApplicationContext: initialization completed in 595 ms
2025-12-13 16:33:25 [HttpClient-3-Worker-0] DEBUG i.m.spec.McpSchema - Received JSON message: {"jsonrpc":"2.0","id":"7b6c977c-0","result":{"protocolVersion":"2024-11-05","capabilities":{"logging":{},"tools":{"listChanged":true}},"serverInfo":{"name":"mcp-server","version":"1.0.0"}}}
2025-12-13 16:33:25 [HttpClient-3-Worker-0] DEBUG i.m.spec.DefaultMcpSession - Received Response: JSONRPCResponse[jsonrpc=2.0, id=7b6c977c-0, result={protocolVersion=2024-11-05, capabilities={logging={}, tools={listChanged=true}}, serverInfo={name=mcp-server, version=1.0.0}}, error=null]
2025-12-13 16:33:25 [HttpClient-3-Worker-0] INFO  i.m.client.McpAsyncClient - Server response with Protocol: 2024-11-05, Capabilities: ServerCapabilities[experimental=null, logging=LoggingCapabilities[], prompts=null, resources=null, tools=ToolCapabilities[listChanged=true]], Info: Implementation[name=mcp-server, version=1.0.0] and Instructions null
2025-12-13 16:33:25 [HttpClient-4-Worker-2] DEBUG i.m.spec.McpSchema - Received JSON message: {"jsonrpc":"2.0","id":"d51deb26-0","result":{"protocolVersion":"2024-11-05","capabilities":{"logging":{},"tools":{"listChanged":true}},"serverInfo":{"name":"mcp-server","version":"1.0.0"}}}
2025-12-13 16:33:25 [HttpClient-4-Worker-2] DEBUG i.m.spec.DefaultMcpSession - Received Response: JSONRPCResponse[jsonrpc=2.0, id=d51deb26-0, result={protocolVersion=2024-11-05, capabilities={logging={}, tools={listChanged=true}}, serverInfo={name=mcp-server, version=1.0.0}}, error=null]
2025-12-13 16:33:25 [HttpClient-4-Worker-2] INFO  i.m.client.McpAsyncClient - Server response with Protocol: 2024-11-05, Capabilities: ServerCapabilities[experimental=null, logging=LoggingCapabilities[], prompts=null, resources=null, tools=ToolCapabilities[listChanged=true]], Info: Implementation[name=mcp-server, version=1.0.0] and Instructions null
2025-12-13 16:33:25 [HttpClient-3-Worker-1] DEBUG i.m.spec.McpSchema - Received JSON message: {"jsonrpc":"2.0","id":"7b6c977c-1","result":{"tools":[{"name":"viewPortfolio","description":"查詢目前持有的所有股票","inputSchema":{"type":"object","properties":{},"required":[],"additionalProperties":false}},{"name":"sellStock","description":"賣出持有的股票","inputSchema":{"type":"object","properties":{"symbol":{"type":"string","description":"股票代號"},"quantity":{"type":"integer","format":"int32","description":"股數"}},"required":["symbol","quantity"],"additionalProperties":false}},{"name":"buyStock","description":"買入指定股票","inputSchema":{"type":"object","properties":{"symbol":{"type":"string","description":"股票代號"},"quantity":{"type":"integer","format":"int32","description":"股數"}},"required":["symbol","quantity"],"additionalProperties":false}}]}}
2025-12-13 16:33:25 [HttpClient-3-Worker-1] DEBUG i.m.spec.DefaultMcpSession - Received Response: JSONRPCResponse[jsonrpc=2.0, id=7b6c977c-1, result={tools=[{name=viewPortfolio, description=查詢目前持有的所有股票, inputSchema={type=object, properties={}, required=[], additionalProperties=false}}, {name=sellStock, description=賣出持有的股票, inputSchema={type=object, properties={symbol={type=string, description=股票代號}, quantity={type=integer, format=int32, description=股數}}, required=[symbol, quantity], additionalProperties=false}}, {name=buyStock, description=買入指定股票, inputSchema={type=object, properties={symbol={type=string, description=股票代號}, quantity={type=integer, format=int32, description=股數}}, required=[symbol, quantity], additionalProperties=false}}]}, error=null]
2025-12-13 16:33:25 [HttpClient-4-Worker-0] DEBUG i.m.spec.McpSchema - Received JSON message: {"jsonrpc":"2.0","id":"d51deb26-1","result":{"tools":[{"name":"viewCart","description":"查看購物車目前所有商品","inputSchema":{"type":"object","properties":{},"required":[],"additionalProperties":false}},{"name":"checkout","description":"購物車結帳","inputSchema":{"type":"object","properties":{},"required":[],"additionalProperties":false}},{"name":"addToCart","description":"將指定商品加入購物車","inputSchema":{"type":"object","properties":{"name":{"type":"string","description":"商品名稱"},"quantity":{"type":"integer","format":"int32","description":"買進數量"}},"required":["name","quantity"],"additionalProperties":false}},{"name":"checkInventory","description":"查詢目前所有商品的庫存","inputSchema":{"type":"object","properties":{},"required":[],"additionalProperties":false}}]}}
2025-12-13 16:33:25 [HttpClient-4-Worker-0] DEBUG i.m.spec.DefaultMcpSession - Received Response: JSONRPCResponse[jsonrpc=2.0, id=d51deb26-1, result={tools=[{name=viewCart, description=查看購物車目前所有商品, inputSchema={type=object, properties={}, required=[], additionalProperties=false}}, {name=checkout, description=購物車結帳, inputSchema={type=object, properties={}, required=[], additionalProperties=false}}, {name=addToCart, description=將指定商品加入購物車, inputSchema={type=object, properties={name={type=string, description=商品名稱}, quantity={type=integer, format=int32, description=買進數量}}, required=[name, quantity], additionalProperties=false}}, {name=checkInventory, description=查詢目前所有商品的庫存, inputSchema={type=object, properties={}, required=[], additionalProperties=false}}]}, error=null]
2025-12-13 16:33:25 [HttpClient-3-Worker-1] DEBUG i.m.spec.McpSchema - Received JSON message: {"jsonrpc":"2.0","id":"7b6c977c-2","result":{"tools":[{"name":"viewPortfolio","description":"查詢目前持有的所有股票","inputSchema":{"type":"object","properties":{},"required":[],"additionalProperties":false}},{"name":"sellStock","description":"賣出持有的股票","inputSchema":{"type":"object","properties":{"symbol":{"type":"string","description":"股票代號"},"quantity":{"type":"integer","format":"int32","description":"股數"}},"required":["symbol","quantity"],"additionalProperties":false}},{"name":"buyStock","description":"買入指定股票","inputSchema":{"type":"object","properties":{"symbol":{"type":"string","description":"股票代號"},"quantity":{"type":"integer","format":"int32","description":"股數"}},"required":["symbol","quantity"],"additionalProperties":false}}]}}
2025-12-13 16:33:25 [HttpClient-3-Worker-1] DEBUG i.m.spec.DefaultMcpSession - Received Response: JSONRPCResponse[jsonrpc=2.0, id=7b6c977c-2, result={tools=[{name=viewPortfolio, description=查詢目前持有的所有股票, inputSchema={type=object, properties={}, required=[], additionalProperties=false}}, {name=sellStock, description=賣出持有的股票, inputSchema={type=object, properties={symbol={type=string, description=股票代號}, quantity={type=integer, format=int32, description=股數}}, required=[symbol, quantity], additionalProperties=false}}, {name=buyStock, description=買入指定股票, inputSchema={type=object, properties={symbol={type=string, description=股票代號}, quantity={type=integer, format=int32, description=股數}}, required=[symbol, quantity], additionalProperties=false}}]}, error=null]
2025-12-13 16:33:25 [HttpClient-4-Worker-0] DEBUG i.m.spec.McpSchema - Received JSON message: {"jsonrpc":"2.0","id":"d51deb26-2","result":{"tools":[{"name":"viewCart","description":"查看購物車目前所有商品","inputSchema":{"type":"object","properties":{},"required":[],"additionalProperties":false}},{"name":"checkout","description":"購物車結帳","inputSchema":{"type":"object","properties":{},"required":[],"additionalProperties":false}},{"name":"addToCart","description":"將指定商品加入購物車","inputSchema":{"type":"object","properties":{"name":{"type":"string","description":"商品名稱"},"quantity":{"type":"integer","format":"int32","description":"買進數量"}},"required":["name","quantity"],"additionalProperties":false}},{"name":"checkInventory","description":"查詢目前所有商品的庫存","inputSchema":{"type":"object","properties":{},"required":[],"additionalProperties":false}}]}}
2025-12-13 16:33:25 [HttpClient-4-Worker-0] DEBUG i.m.spec.DefaultMcpSession - Received Response: JSONRPCResponse[jsonrpc=2.0, id=d51deb26-2, result={tools=[{name=viewCart, description=查看購物車目前所有商品, inputSchema={type=object, properties={}, required=[], additionalProperties=false}}, {name=checkout, description=購物車結帳, inputSchema={type=object, properties={}, required=[], additionalProperties=false}}, {name=addToCart, description=將指定商品加入購物車, inputSchema={type=object, properties={name={type=string, description=商品名稱}, quantity={type=integer, format=int32, description=買進數量}}, required=[name, quantity], additionalProperties=false}}, {name=checkInventory, description=查詢目前所有商品的庫存, inputSchema={type=object, properties={}, required=[], additionalProperties=false}}]}, error=null]
2025-12-13 16:33:25 [HttpClient-3-Worker-1] DEBUG i.m.spec.McpSchema - Received JSON message: {"jsonrpc":"2.0","id":"7b6c977c-3","result":{"tools":[{"name":"viewPortfolio","description":"查詢目前持有的所有股票","inputSchema":{"type":"object","properties":{},"required":[],"additionalProperties":false}},{"name":"sellStock","description":"賣出持有的股票","inputSchema":{"type":"object","properties":{"symbol":{"type":"string","description":"股票代號"},"quantity":{"type":"integer","format":"int32","description":"股數"}},"required":["symbol","quantity"],"additionalProperties":false}},{"name":"buyStock","description":"買入指定股票","inputSchema":{"type":"object","properties":{"symbol":{"type":"string","description":"股票代號"},"quantity":{"type":"integer","format":"int32","description":"股數"}},"required":["symbol","quantity"],"additionalProperties":false}}]}}
2025-12-13 16:33:25 [HttpClient-3-Worker-1] DEBUG i.m.spec.DefaultMcpSession - Received Response: JSONRPCResponse[jsonrpc=2.0, id=7b6c977c-3, result={tools=[{name=viewPortfolio, description=查詢目前持有的所有股票, inputSchema={type=object, properties={}, required=[], additionalProperties=false}}, {name=sellStock, description=賣出持有的股票, inputSchema={type=object, properties={symbol={type=string, description=股票代號}, quantity={type=integer, format=int32, description=股數}}, required=[symbol, quantity], additionalProperties=false}}, {name=buyStock, description=買入指定股票, inputSchema={type=object, properties={symbol={type=string, description=股票代號}, quantity={type=integer, format=int32, description=股數}}, required=[symbol, quantity], additionalProperties=false}}]}, error=null]
2025-12-13 16:33:25 [HttpClient-4-Worker-0] DEBUG i.m.spec.McpSchema - Received JSON message: {"jsonrpc":"2.0","id":"d51deb26-3","result":{"tools":[{"name":"viewCart","description":"查看購物車目前所有商品","inputSchema":{"type":"object","properties":{},"required":[],"additionalProperties":false}},{"name":"checkout","description":"購物車結帳","inputSchema":{"type":"object","properties":{},"required":[],"additionalProperties":false}},{"name":"addToCart","description":"將指定商品加入購物車","inputSchema":{"type":"object","properties":{"name":{"type":"string","description":"商品名稱"},"quantity":{"type":"integer","format":"int32","description":"買進數量"}},"required":["name","quantity"],"additionalProperties":false}},{"name":"checkInventory","description":"查詢目前所有商品的庫存","inputSchema":{"type":"object","properties":{},"required":[],"additionalProperties":false}}]}}
2025-12-13 16:33:25 [HttpClient-4-Worker-0] DEBUG i.m.spec.DefaultMcpSession - Received Response: JSONRPCResponse[jsonrpc=2.0, id=d51deb26-3, result={tools=[{name=viewCart, description=查看購物車目前所有商品, inputSchema={type=object, properties={}, required=[], additionalProperties=false}}, {name=checkout, description=購物車結帳, inputSchema={type=object, properties={}, required=[], additionalProperties=false}}, {name=addToCart, description=將指定商品加入購物車, inputSchema={type=object, properties={name={type=string, description=商品名稱}, quantity={type=integer, format=int32, description=買進數量}}, required=[name, quantity], additionalProperties=false}}, {name=checkInventory, description=查詢目前所有商品的庫存, inputSchema={type=object, properties={}, required=[], additionalProperties=false}}]}, error=null]
2025-12-13 16:33:25 [main] INFO  o.s.b.w.e.tomcat.TomcatWebServer - Tomcat started on port 8080 (http) with context path '/'
2025-12-13 16:33:25 [main] INFO  c.e.demo.McpClient8080Application - Started McpClient8080Application in 1.846 seconds (process running for 2.218)
2025-12-13 16:33:45 [http-nio-8080-exec-1] INFO  o.a.c.c.C.[Tomcat].[localhost].[/] - Initializing Spring DispatcherServlet 'dispatcherServlet'
2025-12-13 16:33:45 [http-nio-8080-exec-1] INFO  o.s.web.servlet.DispatcherServlet - Initializing Servlet 'dispatcherServlet'
2025-12-13 16:33:45 [http-nio-8080-exec-1] INFO  o.s.web.servlet.DispatcherServlet - Completed initialization in 1 ms
2025-12-13 16:33:51 [http-nio-8080-exec-1] DEBUG o.s.a.m.t.DefaultToolCallingManager - Executing tool call: buyStock
2025-12-13 16:33:51 [HttpClient-3-Worker-0] DEBUG i.m.spec.McpSchema - Received JSON message: {"jsonrpc":"2.0","id":"7b6c977c-4","result":{"content":[{"type":"text","type":"text","text":"\"聯發科 已買入，持有股數：16，買進成本：7200\""}],"isError":false}}
2025-12-13 16:33:51 [HttpClient-3-Worker-0] DEBUG i.m.spec.DefaultMcpSession - Received Response: JSONRPCResponse[jsonrpc=2.0, id=7b6c977c-4, result={content=[{type=text, text="聯發科 已買入，持有股數：16，買進成本：7200"}], isError=false}, error=null]
2025-12-13 16:33:51 [http-nio-8080-exec-1] DEBUG o.s.a.m.t.DefaultToolCallingManager - Executing tool call: viewPortfolio
2025-12-13 16:33:51 [HttpClient-3-Worker-0] DEBUG i.m.spec.McpSchema - Received JSON message: {"jsonrpc":"2.0","id":"7b6c977c-5","result":{"content":[{"type":"text","type":"text","text":"\"📊 持股明細：\\n▸ 鴻海 (2317)\\n   數量: 50 股 | 現價: 120元\\n▸ 聯發科 (2454)\\n   數量: 16 股 | 現價: 1200元\\n▸ 富邦金 (2881)\\n   數量: 30 股 | 現價: 70元\\n▸ 台積電 (2330)\\n   數量: 20 股 | 現價: 850元\\n\""}],"isError":false}}
2025-12-13 16:33:51 [HttpClient-3-Worker-0] DEBUG i.m.spec.DefaultMcpSession - Received Response: JSONRPCResponse[jsonrpc=2.0, id=7b6c977c-5, result={content=[{type=text, text="📊 持股明細：\n▸ 鴻海 (2317)\n   數量: 50 股 | 現價: 120元\n▸ 聯發科 (2454)\n   數量: 16 股 | 現價: 1200元\n▸ 富邦金 (2881)\n   數量: 30 股 | 現價: 70元\n▸ 台積電 (2330)\n   數量: 20 股 | 現價: 850元\n"}], isError=false}, error=null]
2025-12-13 16:34:13 [http-nio-8080-exec-2] DEBUG o.s.a.m.t.DefaultToolCallingManager - Executing tool call: buyStock
2025-12-13 16:34:13 [HttpClient-3-Worker-1] DEBUG i.m.spec.McpSchema - Received JSON message: {"jsonrpc":"2.0","id":"7b6c977c-6","result":{"content":[{"type":"text","type":"text","text":"\"聯發科 已買入，持有股數：22，買進成本：7200\""}],"isError":false}}
2025-12-13 16:34:13 [HttpClient-3-Worker-1] DEBUG i.m.spec.DefaultMcpSession - Received Response: JSONRPCResponse[jsonrpc=2.0, id=7b6c977c-6, result={content=[{type=text, text="聯發科 已買入，持有股數：22，買進成本：7200"}], isError=false}, error=null]
2025-12-13 16:34:13 [http-nio-8080-exec-2] DEBUG o.s.a.m.t.DefaultToolCallingManager - Executing tool call: viewPortfolio
2025-12-13 16:34:13 [HttpClient-3-Worker-0] DEBUG i.m.spec.McpSchema - Received JSON message: {"jsonrpc":"2.0","id":"7b6c977c-7","result":{"content":[{"type":"text","type":"text","text":"\"📊 持股明細：\\n▸ 鴻海 (2317)\\n   數量: 50 股 | 現價: 120元\\n▸ 聯發科 (2454)\\n   數量: 22 股 | 現價: 1200元\\n▸ 富邦金 (2881)\\n   數量: 30 股 | 現價: 70元\\n▸ 台積電 (2330)\\n   數量: 20 股 | 現價: 850元\\n\""}],"isError":false}}
2025-12-13 16:34:13 [HttpClient-3-Worker-0] DEBUG i.m.spec.DefaultMcpSession - Received Response: JSONRPCResponse[jsonrpc=2.0, id=7b6c977c-7, result={content=[{type=text, text="📊 持股明細：\n▸ 鴻海 (2317)\n   數量: 50 股 | 現價: 120元\n▸ 聯發科 (2454)\n   數量: 22 股 | 現價: 1200元\n▸ 富邦金 (2881)\n   數量: 30 股 | 現價: 70元\n▸ 台積電 (2330)\n   數量: 20 股 | 現價: 850元\n"}], isError=false}, error=null]
2025-12-13 16:34:21 [http-nio-8080-exec-3] DEBUG o.s.a.m.t.DefaultToolCallingManager - Executing tool call: buyStock
2025-12-13 16:34:21 [HttpClient-3-Worker-1] DEBUG i.m.spec.McpSchema - Received JSON message: {"jsonrpc":"2.0","id":"7b6c977c-8","result":{"content":[{"type":"text","type":"text","text":"\"聯發科 已買入，持有股數：28，買進成本：7200\""}],"isError":false}}
2025-12-13 16:34:21 [HttpClient-3-Worker-1] DEBUG i.m.spec.DefaultMcpSession - Received Response: JSONRPCResponse[jsonrpc=2.0, id=7b6c977c-8, result={content=[{type=text, text="聯發科 已買入，持有股數：28，買進成本：7200"}], isError=false}, error=null]
2025-12-13 16:34:21 [http-nio-8080-exec-3] DEBUG o.s.a.m.t.DefaultToolCallingManager - Executing tool call: viewPortfolio
2025-12-13 16:34:21 [HttpClient-3-Worker-3] DEBUG i.m.spec.McpSchema - Received JSON message: {"jsonrpc":"2.0","id":"7b6c977c-9","result":{"content":[{"type":"text","type":"text","text":"\"📊 持股明細：\\n▸ 鴻海 (2317)\\n   數量: 50 股 | 現價: 120元\\n▸ 聯發科 (2454)\\n   數量: 28 股 | 現價: 1200元\\n▸ 富邦金 (2881)\\n   數量: 30 股 | 現價: 70元\\n▸ 台積電 (2330)\\n   數量: 20 股 | 現價: 850元\\n\""}],"isError":false}}
2025-12-13 16:34:21 [HttpClient-3-Worker-3] DEBUG i.m.spec.DefaultMcpSession - Received Response: JSONRPCResponse[jsonrpc=2.0, id=7b6c977c-9, result={content=[{type=text, text="📊 持股明細：\n▸ 鴻海 (2317)\n   數量: 50 股 | 現價: 120元\n▸ 聯發科 (2454)\n   數量: 28 股 | 現價: 1200元\n▸ 富邦金 (2881)\n   數量: 30 股 | 現價: 70元\n▸ 台積電 (2330)\n   數量: 20 股 | 現價: 850元\n"}], isError=false}, error=null]
2025-12-13 16:34:29 [http-nio-8080-exec-4] DEBUG o.s.a.m.t.DefaultToolCallingManager - Executing tool call: buyStock
2025-12-13 16:34:29 [HttpClient-3-Worker-0] DEBUG i.m.spec.McpSchema - Received JSON message: {"jsonrpc":"2.0","id":"7b6c977c-10","result":{"content":[{"type":"text","type":"text","text":"\"聯發科 已買入，持有股數：34，買進成本：7200\""}],"isError":false}}
2025-12-13 16:34:29 [HttpClient-3-Worker-0] DEBUG i.m.spec.DefaultMcpSession - Received Response: JSONRPCResponse[jsonrpc=2.0, id=7b6c977c-10, result={content=[{type=text, text="聯發科 已買入，持有股數：34，買進成本：7200"}], isError=false}, error=null]
2025-12-13 16:34:29 [http-nio-8080-exec-4] DEBUG o.s.a.m.t.DefaultToolCallingManager - Executing tool call: viewPortfolio
2025-12-13 16:34:29 [HttpClient-3-Worker-3] DEBUG i.m.spec.McpSchema - Received JSON message: {"jsonrpc":"2.0","id":"7b6c977c-11","result":{"content":[{"type":"text","type":"text","text":"\"📊 持股明細：\\n▸ 鴻海 (2317)\\n   數量: 50 股 | 現價: 120元\\n▸ 聯發科 (2454)\\n   數量: 34 股 | 現價: 1200元\\n▸ 富邦金 (2881)\\n   數量: 30 股 | 現價: 70元\\n▸ 台積電 (2330)\\n   數量: 20 股 | 現價: 850元\\n\""}],"isError":false}}
2025-12-13 16:34:29 [HttpClient-3-Worker-3] DEBUG i.m.spec.DefaultMcpSession - Received Response: JSONRPCResponse[jsonrpc=2.0, id=7b6c977c-11, result={content=[{type=text, text="📊 持股明細：\n▸ 鴻海 (2317)\n   數量: 50 股 | 現價: 120元\n▸ 聯發科 (2454)\n   數量: 34 股 | 現價: 1200元\n▸ 富邦金 (2881)\n   數量: 30 股 | 現價: 70元\n▸ 台積電 (2330)\n   數量: 20 股 | 現價: 850元\n"}], isError=false}, error=null]
2025-12-13 16:35:34 [RMI TCP Connection(10)-127.0.0.1] INFO  o.s.b.a.SpringApplicationAdminMXBeanRegistrar$SpringApplicationAdmin - Application shutdown requested.
2025-12-13 16:35:34 [RMI TCP Connection(10)-127.0.0.1] INFO  o.s.b.w.e.tomcat.GracefulShutdown - Commencing graceful shutdown. Waiting for active requests to complete
2025-12-13 16:35:34 [tomcat-shutdown] INFO  o.s.b.w.e.tomcat.GracefulShutdown - Graceful shutdown complete
2025-12-13 16:35:37 [main] INFO  c.e.demo.McpClient8080Application - Starting McpClient8080Application using Java 21.0.8 with PID 34592 (C:\Users\User\Documents\workspace-spring-tools-for-eclipse-4.32.1.RELEASE\mcp-client-8080\target\classes started by User in C:\Users\User\Documents\workspace-spring-tools-for-eclipse-4.32.1.RELEASE\mcp-client-8080)
2025-12-13 16:35:37 [main] INFO  c.e.demo.McpClient8080Application - No active profile set, falling back to 1 default profile: "default"
2025-12-13 16:35:37 [main] INFO  o.s.b.w.e.tomcat.TomcatWebServer - Tomcat initialized with port 8080 (http)
2025-12-13 16:35:37 [main] INFO  o.a.catalina.core.StandardService - Starting service [Tomcat]
2025-12-13 16:35:37 [main] INFO  o.a.catalina.core.StandardEngine - Starting Servlet engine: [Apache Tomcat/10.1.41]
2025-12-13 16:35:37 [main] INFO  o.a.c.c.C.[Tomcat].[localhost].[/] - Initializing Spring embedded WebApplicationContext
2025-12-13 16:35:37 [main] INFO  o.s.b.w.s.c.ServletWebServerApplicationContext - Root WebApplicationContext: initialization completed in 597 ms
2025-12-13 16:35:38 [HttpClient-3-Worker-0] DEBUG i.m.spec.McpSchema - Received JSON message: {"jsonrpc":"2.0","id":"b9753b7c-0","result":{"protocolVersion":"2024-11-05","capabilities":{"logging":{},"tools":{"listChanged":true}},"serverInfo":{"name":"mcp-server","version":"1.0.0"}}}
2025-12-13 16:35:38 [HttpClient-3-Worker-0] DEBUG i.m.spec.DefaultMcpSession - Received Response: JSONRPCResponse[jsonrpc=2.0, id=b9753b7c-0, result={protocolVersion=2024-11-05, capabilities={logging={}, tools={listChanged=true}}, serverInfo={name=mcp-server, version=1.0.0}}, error=null]
2025-12-13 16:35:38 [HttpClient-3-Worker-0] INFO  i.m.client.McpAsyncClient - Server response with Protocol: 2024-11-05, Capabilities: ServerCapabilities[experimental=null, logging=LoggingCapabilities[], prompts=null, resources=null, tools=ToolCapabilities[listChanged=true]], Info: Implementation[name=mcp-server, version=1.0.0] and Instructions null
2025-12-13 16:35:38 [HttpClient-4-Worker-2] DEBUG i.m.spec.McpSchema - Received JSON message: {"jsonrpc":"2.0","id":"77f244b9-0","result":{"protocolVersion":"2024-11-05","capabilities":{"logging":{},"tools":{"listChanged":true}},"serverInfo":{"name":"mcp-server","version":"1.0.0"}}}
2025-12-13 16:35:38 [HttpClient-4-Worker-2] DEBUG i.m.spec.DefaultMcpSession - Received Response: JSONRPCResponse[jsonrpc=2.0, id=77f244b9-0, result={protocolVersion=2024-11-05, capabilities={logging={}, tools={listChanged=true}}, serverInfo={name=mcp-server, version=1.0.0}}, error=null]
2025-12-13 16:35:38 [HttpClient-4-Worker-2] INFO  i.m.client.McpAsyncClient - Server response with Protocol: 2024-11-05, Capabilities: ServerCapabilities[experimental=null, logging=LoggingCapabilities[], prompts=null, resources=null, tools=ToolCapabilities[listChanged=true]], Info: Implementation[name=mcp-server, version=1.0.0] and Instructions null
2025-12-13 16:35:38 [HttpClient-3-Worker-0] DEBUG i.m.spec.McpSchema - Received JSON message: {"jsonrpc":"2.0","id":"b9753b7c-1","result":{"tools":[{"name":"viewPortfolio","description":"查詢目前持有的所有股票","inputSchema":{"type":"object","properties":{},"required":[],"additionalProperties":false}},{"name":"sellStock","description":"賣出持有的股票","inputSchema":{"type":"object","properties":{"symbol":{"type":"string","description":"股票代號"},"quantity":{"type":"integer","format":"int32","description":"股數"}},"required":["symbol","quantity"],"additionalProperties":false}},{"name":"buyStock","description":"買入指定股票","inputSchema":{"type":"object","properties":{"symbol":{"type":"string","description":"股票代號"},"quantity":{"type":"integer","format":"int32","description":"股數"}},"required":["symbol","quantity"],"additionalProperties":false}}]}}
2025-12-13 16:35:38 [HttpClient-3-Worker-0] DEBUG i.m.spec.DefaultMcpSession - Received Response: JSONRPCResponse[jsonrpc=2.0, id=b9753b7c-1, result={tools=[{name=viewPortfolio, description=查詢目前持有的所有股票, inputSchema={type=object, properties={}, required=[], additionalProperties=false}}, {name=sellStock, description=賣出持有的股票, inputSchema={type=object, properties={symbol={type=string, description=股票代號}, quantity={type=integer, format=int32, description=股數}}, required=[symbol, quantity], additionalProperties=false}}, {name=buyStock, description=買入指定股票, inputSchema={type=object, properties={symbol={type=string, description=股票代號}, quantity={type=integer, format=int32, description=股數}}, required=[symbol, quantity], additionalProperties=false}}]}, error=null]
2025-12-13 16:35:38 [HttpClient-4-Worker-2] DEBUG i.m.spec.McpSchema - Received JSON message: {"jsonrpc":"2.0","id":"77f244b9-1","result":{"tools":[{"name":"viewCart","description":"查看購物車目前所有商品","inputSchema":{"type":"object","properties":{},"required":[],"additionalProperties":false}},{"name":"checkout","description":"購物車結帳","inputSchema":{"type":"object","properties":{},"required":[],"additionalProperties":false}},{"name":"addToCart","description":"將指定商品加入購物車","inputSchema":{"type":"object","properties":{"name":{"type":"string","description":"商品名稱"},"quantity":{"type":"integer","format":"int32","description":"買進數量"}},"required":["name","quantity"],"additionalProperties":false}},{"name":"checkInventory","description":"查詢目前所有商品的庫存","inputSchema":{"type":"object","properties":{},"required":[],"additionalProperties":false}}]}}
2025-12-13 16:35:38 [HttpClient-4-Worker-2] DEBUG i.m.spec.DefaultMcpSession - Received Response: JSONRPCResponse[jsonrpc=2.0, id=77f244b9-1, result={tools=[{name=viewCart, description=查看購物車目前所有商品, inputSchema={type=object, properties={}, required=[], additionalProperties=false}}, {name=checkout, description=購物車結帳, inputSchema={type=object, properties={}, required=[], additionalProperties=false}}, {name=addToCart, description=將指定商品加入購物車, inputSchema={type=object, properties={name={type=string, description=商品名稱}, quantity={type=integer, format=int32, description=買進數量}}, required=[name, quantity], additionalProperties=false}}, {name=checkInventory, description=查詢目前所有商品的庫存, inputSchema={type=object, properties={}, required=[], additionalProperties=false}}]}, error=null]
2025-12-13 16:35:38 [HttpClient-3-Worker-0] DEBUG i.m.spec.McpSchema - Received JSON message: {"jsonrpc":"2.0","id":"b9753b7c-2","result":{"tools":[{"name":"viewPortfolio","description":"查詢目前持有的所有股票","inputSchema":{"type":"object","properties":{},"required":[],"additionalProperties":false}},{"name":"sellStock","description":"賣出持有的股票","inputSchema":{"type":"object","properties":{"symbol":{"type":"string","description":"股票代號"},"quantity":{"type":"integer","format":"int32","description":"股數"}},"required":["symbol","quantity"],"additionalProperties":false}},{"name":"buyStock","description":"買入指定股票","inputSchema":{"type":"object","properties":{"symbol":{"type":"string","description":"股票代號"},"quantity":{"type":"integer","format":"int32","description":"股數"}},"required":["symbol","quantity"],"additionalProperties":false}}]}}
2025-12-13 16:35:38 [HttpClient-3-Worker-0] DEBUG i.m.spec.DefaultMcpSession - Received Response: JSONRPCResponse[jsonrpc=2.0, id=b9753b7c-2, result={tools=[{name=viewPortfolio, description=查詢目前持有的所有股票, inputSchema={type=object, properties={}, required=[], additionalProperties=false}}, {name=sellStock, description=賣出持有的股票, inputSchema={type=object, properties={symbol={type=string, description=股票代號}, quantity={type=integer, format=int32, description=股數}}, required=[symbol, quantity], additionalProperties=false}}, {name=buyStock, description=買入指定股票, inputSchema={type=object, properties={symbol={type=string, description=股票代號}, quantity={type=integer, format=int32, description=股數}}, required=[symbol, quantity], additionalProperties=false}}]}, error=null]
2025-12-13 16:35:38 [HttpClient-4-Worker-2] DEBUG i.m.spec.McpSchema - Received JSON message: {"jsonrpc":"2.0","id":"77f244b9-2","result":{"tools":[{"name":"viewCart","description":"查看購物車目前所有商品","inputSchema":{"type":"object","properties":{},"required":[],"additionalProperties":false}},{"name":"checkout","description":"購物車結帳","inputSchema":{"type":"object","properties":{},"required":[],"additionalProperties":false}},{"name":"addToCart","description":"將指定商品加入購物車","inputSchema":{"type":"object","properties":{"name":{"type":"string","description":"商品名稱"},"quantity":{"type":"integer","format":"int32","description":"買進數量"}},"required":["name","quantity"],"additionalProperties":false}},{"name":"checkInventory","description":"查詢目前所有商品的庫存","inputSchema":{"type":"object","properties":{},"required":[],"additionalProperties":false}}]}}
2025-12-13 16:35:38 [HttpClient-4-Worker-2] DEBUG i.m.spec.DefaultMcpSession - Received Response: JSONRPCResponse[jsonrpc=2.0, id=77f244b9-2, result={tools=[{name=viewCart, description=查看購物車目前所有商品, inputSchema={type=object, properties={}, required=[], additionalProperties=false}}, {name=checkout, description=購物車結帳, inputSchema={type=object, properties={}, required=[], additionalProperties=false}}, {name=addToCart, description=將指定商品加入購物車, inputSchema={type=object, properties={name={type=string, description=商品名稱}, quantity={type=integer, format=int32, description=買進數量}}, required=[name, quantity], additionalProperties=false}}, {name=checkInventory, description=查詢目前所有商品的庫存, inputSchema={type=object, properties={}, required=[], additionalProperties=false}}]}, error=null]
2025-12-13 16:35:38 [HttpClient-3-Worker-2] DEBUG i.m.spec.McpSchema - Received JSON message: {"jsonrpc":"2.0","id":"b9753b7c-3","result":{"tools":[{"name":"viewPortfolio","description":"查詢目前持有的所有股票","inputSchema":{"type":"object","properties":{},"required":[],"additionalProperties":false}},{"name":"sellStock","description":"賣出持有的股票","inputSchema":{"type":"object","properties":{"symbol":{"type":"string","description":"股票代號"},"quantity":{"type":"integer","format":"int32","description":"股數"}},"required":["symbol","quantity"],"additionalProperties":false}},{"name":"buyStock","description":"買入指定股票","inputSchema":{"type":"object","properties":{"symbol":{"type":"string","description":"股票代號"},"quantity":{"type":"integer","format":"int32","description":"股數"}},"required":["symbol","quantity"],"additionalProperties":false}}]}}
2025-12-13 16:35:38 [HttpClient-3-Worker-2] DEBUG i.m.spec.DefaultMcpSession - Received Response: JSONRPCResponse[jsonrpc=2.0, id=b9753b7c-3, result={tools=[{name=viewPortfolio, description=查詢目前持有的所有股票, inputSchema={type=object, properties={}, required=[], additionalProperties=false}}, {name=sellStock, description=賣出持有的股票, inputSchema={type=object, properties={symbol={type=string, description=股票代號}, quantity={type=integer, format=int32, description=股數}}, required=[symbol, quantity], additionalProperties=false}}, {name=buyStock, description=買入指定股票, inputSchema={type=object, properties={symbol={type=string, description=股票代號}, quantity={type=integer, format=int32, description=股數}}, required=[symbol, quantity], additionalProperties=false}}]}, error=null]
2025-12-13 16:35:38 [HttpClient-4-Worker-2] DEBUG i.m.spec.McpSchema - Received JSON message: {"jsonrpc":"2.0","id":"77f244b9-3","result":{"tools":[{"name":"viewCart","description":"查看購物車目前所有商品","inputSchema":{"type":"object","properties":{},"required":[],"additionalProperties":false}},{"name":"checkout","description":"購物車結帳","inputSchema":{"type":"object","properties":{},"required":[],"additionalProperties":false}},{"name":"addToCart","description":"將指定商品加入購物車","inputSchema":{"type":"object","properties":{"name":{"type":"string","description":"商品名稱"},"quantity":{"type":"integer","format":"int32","description":"買進數量"}},"required":["name","quantity"],"additionalProperties":false}},{"name":"checkInventory","description":"查詢目前所有商品的庫存","inputSchema":{"type":"object","properties":{},"required":[],"additionalProperties":false}}]}}
2025-12-13 16:35:38 [HttpClient-4-Worker-2] DEBUG i.m.spec.DefaultMcpSession - Received Response: JSONRPCResponse[jsonrpc=2.0, id=77f244b9-3, result={tools=[{name=viewCart, description=查看購物車目前所有商品, inputSchema={type=object, properties={}, required=[], additionalProperties=false}}, {name=checkout, description=購物車結帳, inputSchema={type=object, properties={}, required=[], additionalProperties=false}}, {name=addToCart, description=將指定商品加入購物車, inputSchema={type=object, properties={name={type=string, description=商品名稱}, quantity={type=integer, format=int32, description=買進數量}}, required=[name, quantity], additionalProperties=false}}, {name=checkInventory, description=查詢目前所有商品的庫存, inputSchema={type=object, properties={}, required=[], additionalProperties=false}}]}, error=null]
2025-12-13 16:35:38 [main] INFO  o.s.b.w.e.tomcat.TomcatWebServer - Tomcat started on port 8080 (http) with context path '/'
2025-12-13 16:35:38 [main] INFO  c.e.demo.McpClient8080Application - Started McpClient8080Application in 1.615 seconds (process running for 1.999)
2025-12-13 16:35:46 [http-nio-8080-exec-1] INFO  o.a.c.c.C.[Tomcat].[localhost].[/] - Initializing Spring DispatcherServlet 'dispatcherServlet'
2025-12-13 16:35:46 [http-nio-8080-exec-1] INFO  o.s.web.servlet.DispatcherServlet - Initializing Servlet 'dispatcherServlet'
2025-12-13 16:35:46 [http-nio-8080-exec-1] INFO  o.s.web.servlet.DispatcherServlet - Completed initialization in 3 ms
2025-12-13 16:35:47 [http-nio-8080-exec-1] DEBUG o.s.a.m.t.DefaultToolCallingManager - Executing tool call: buyStock
2025-12-13 16:35:47 [HttpClient-3-Worker-0] DEBUG i.m.spec.McpSchema - Received JSON message: {"jsonrpc":"2.0","id":"b9753b7c-4","result":{"content":[{"type":"text","type":"text","text":"\"聯發科 已買入，持有股數：40，買進成本：7200\""}],"isError":false}}
2025-12-13 16:35:47 [HttpClient-3-Worker-0] DEBUG i.m.spec.DefaultMcpSession - Received Response: JSONRPCResponse[jsonrpc=2.0, id=b9753b7c-4, result={content=[{type=text, text="聯發科 已買入，持有股數：40，買進成本：7200"}], isError=false}, error=null]
2025-12-13 16:35:59 [http-nio-8080-exec-2] DEBUG o.s.a.m.t.DefaultToolCallingManager - Executing tool call: buyStock
2025-12-13 16:35:59 [HttpClient-3-Worker-2] DEBUG i.m.spec.McpSchema - Received JSON message: {"jsonrpc":"2.0","id":"b9753b7c-5","result":{"content":[{"type":"text","type":"text","text":"\"聯發科 已買入，持有股數：46，買進成本：7200\""}],"isError":false}}
2025-12-13 16:35:59 [HttpClient-3-Worker-2] DEBUG i.m.spec.DefaultMcpSession - Received Response: JSONRPCResponse[jsonrpc=2.0, id=b9753b7c-5, result={content=[{type=text, text="聯發科 已買入，持有股數：46，買進成本：7200"}], isError=false}, error=null]
2025-12-13 16:35:59 [http-nio-8080-exec-2] DEBUG o.s.a.m.t.DefaultToolCallingManager - Executing tool call: viewPortfolio
2025-12-13 16:35:59 [HttpClient-3-Worker-0] DEBUG i.m.spec.McpSchema - Received JSON message: {"jsonrpc":"2.0","id":"b9753b7c-6","result":{"content":[{"type":"text","type":"text","text":"\"📊 持股明細：\\n▸ 鴻海 (2317)\\n   數量: 50 股 | 現價: 120元\\n▸ 聯發科 (2454)\\n   數量: 46 股 | 現價: 1200元\\n▸ 富邦金 (2881)\\n   數量: 30 股 | 現價: 70元\\n▸ 台積電 (2330)\\n   數量: 20 股 | 現價: 850元\\n\""}],"isError":false}}
2025-12-13 16:35:59 [HttpClient-3-Worker-0] DEBUG i.m.spec.DefaultMcpSession - Received Response: JSONRPCResponse[jsonrpc=2.0, id=b9753b7c-6, result={content=[{type=text, text="📊 持股明細：\n▸ 鴻海 (2317)\n   數量: 50 股 | 現價: 120元\n▸ 聯發科 (2454)\n   數量: 46 股 | 現價: 1200元\n▸ 富邦金 (2881)\n   數量: 30 股 | 現價: 70元\n▸ 台積電 (2330)\n   數量: 20 股 | 現價: 850元\n"}], isError=false}, error=null]
2025-12-13 16:36:48 [RMI TCP Connection(9)-127.0.0.1] INFO  o.s.b.a.SpringApplicationAdminMXBeanRegistrar$SpringApplicationAdmin - Application shutdown requested.
2025-12-13 16:36:48 [RMI TCP Connection(9)-127.0.0.1] INFO  o.s.b.w.e.tomcat.GracefulShutdown - Commencing graceful shutdown. Waiting for active requests to complete
2025-12-13 16:36:48 [tomcat-shutdown] INFO  o.s.b.w.e.tomcat.GracefulShutdown - Graceful shutdown complete
2025-12-13 16:36:52 [main] INFO  c.e.demo.McpClient8080Application - Starting McpClient8080Application using Java 21.0.8 with PID 28728 (C:\Users\User\Documents\workspace-spring-tools-for-eclipse-4.32.1.RELEASE\mcp-client-8080\target\classes started by User in C:\Users\User\Documents\workspace-spring-tools-for-eclipse-4.32.1.RELEASE\mcp-client-8080)
2025-12-13 16:36:52 [main] INFO  c.e.demo.McpClient8080Application - No active profile set, falling back to 1 default profile: "default"
2025-12-13 16:36:52 [main] INFO  o.s.b.w.e.tomcat.TomcatWebServer - Tomcat initialized with port 8080 (http)
2025-12-13 16:36:52 [main] INFO  o.a.catalina.core.StandardService - Starting service [Tomcat]
2025-12-13 16:36:52 [main] INFO  o.a.catalina.core.StandardEngine - Starting Servlet engine: [Apache Tomcat/10.1.41]
2025-12-13 16:36:52 [main] INFO  o.a.c.c.C.[Tomcat].[localhost].[/] - Initializing Spring embedded WebApplicationContext
2025-12-13 16:36:52 [main] INFO  o.s.b.w.s.c.ServletWebServerApplicationContext - Root WebApplicationContext: initialization completed in 578 ms
2025-12-13 16:36:53 [HttpClient-3-Worker-0] DEBUG i.m.spec.McpSchema - Received JSON message: {"jsonrpc":"2.0","id":"823861aa-0","result":{"protocolVersion":"2024-11-05","capabilities":{"logging":{},"tools":{"listChanged":true}},"serverInfo":{"name":"mcp-server","version":"1.0.0"}}}
2025-12-13 16:36:53 [HttpClient-3-Worker-0] DEBUG i.m.spec.DefaultMcpSession - Received Response: JSONRPCResponse[jsonrpc=2.0, id=823861aa-0, result={protocolVersion=2024-11-05, capabilities={logging={}, tools={listChanged=true}}, serverInfo={name=mcp-server, version=1.0.0}}, error=null]
2025-12-13 16:36:53 [HttpClient-3-Worker-0] INFO  i.m.client.McpAsyncClient - Server response with Protocol: 2024-11-05, Capabilities: ServerCapabilities[experimental=null, logging=LoggingCapabilities[], prompts=null, resources=null, tools=ToolCapabilities[listChanged=true]], Info: Implementation[name=mcp-server, version=1.0.0] and Instructions null
2025-12-13 16:36:53 [HttpClient-4-Worker-0] DEBUG i.m.spec.McpSchema - Received JSON message: {"jsonrpc":"2.0","id":"74fa8cdd-0","result":{"protocolVersion":"2024-11-05","capabilities":{"logging":{},"tools":{"listChanged":true}},"serverInfo":{"name":"mcp-server","version":"1.0.0"}}}
2025-12-13 16:36:53 [HttpClient-4-Worker-0] DEBUG i.m.spec.DefaultMcpSession - Received Response: JSONRPCResponse[jsonrpc=2.0, id=74fa8cdd-0, result={protocolVersion=2024-11-05, capabilities={logging={}, tools={listChanged=true}}, serverInfo={name=mcp-server, version=1.0.0}}, error=null]
2025-12-13 16:36:53 [HttpClient-4-Worker-0] INFO  i.m.client.McpAsyncClient - Server response with Protocol: 2024-11-05, Capabilities: ServerCapabilities[experimental=null, logging=LoggingCapabilities[], prompts=null, resources=null, tools=ToolCapabilities[listChanged=true]], Info: Implementation[name=mcp-server, version=1.0.0] and Instructions null
2025-12-13 16:36:53 [HttpClient-3-Worker-0] DEBUG i.m.spec.McpSchema - Received JSON message: {"jsonrpc":"2.0","id":"823861aa-1","result":{"tools":[{"name":"viewPortfolio","description":"查詢目前持有的所有股票","inputSchema":{"type":"object","properties":{},"required":[],"additionalProperties":false}},{"name":"sellStock","description":"賣出持有的股票","inputSchema":{"type":"object","properties":{"symbol":{"type":"string","description":"股票代號"},"quantity":{"type":"integer","format":"int32","description":"股數"}},"required":["symbol","quantity"],"additionalProperties":false}},{"name":"buyStock","description":"買入指定股票","inputSchema":{"type":"object","properties":{"symbol":{"type":"string","description":"股票代號"},"quantity":{"type":"integer","format":"int32","description":"股數"}},"required":["symbol","quantity"],"additionalProperties":false}}]}}
2025-12-13 16:36:53 [HttpClient-3-Worker-0] DEBUG i.m.spec.DefaultMcpSession - Received Response: JSONRPCResponse[jsonrpc=2.0, id=823861aa-1, result={tools=[{name=viewPortfolio, description=查詢目前持有的所有股票, inputSchema={type=object, properties={}, required=[], additionalProperties=false}}, {name=sellStock, description=賣出持有的股票, inputSchema={type=object, properties={symbol={type=string, description=股票代號}, quantity={type=integer, format=int32, description=股數}}, required=[symbol, quantity], additionalProperties=false}}, {name=buyStock, description=買入指定股票, inputSchema={type=object, properties={symbol={type=string, description=股票代號}, quantity={type=integer, format=int32, description=股數}}, required=[symbol, quantity], additionalProperties=false}}]}, error=null]
2025-12-13 16:36:53 [HttpClient-4-Worker-2] DEBUG i.m.spec.McpSchema - Received JSON message: {"jsonrpc":"2.0","id":"74fa8cdd-1","result":{"tools":[{"name":"viewCart","description":"查看購物車目前所有商品","inputSchema":{"type":"object","properties":{},"required":[],"additionalProperties":false}},{"name":"checkout","description":"購物車結帳","inputSchema":{"type":"object","properties":{},"required":[],"additionalProperties":false}},{"name":"addToCart","description":"將指定商品加入購物車","inputSchema":{"type":"object","properties":{"name":{"type":"string","description":"商品名稱"},"quantity":{"type":"integer","format":"int32","description":"買進數量"}},"required":["name","quantity"],"additionalProperties":false}},{"name":"checkInventory","description":"查詢目前所有商品的庫存","inputSchema":{"type":"object","properties":{},"required":[],"additionalProperties":false}}]}}
2025-12-13 16:36:53 [HttpClient-4-Worker-2] DEBUG i.m.spec.DefaultMcpSession - Received Response: JSONRPCResponse[jsonrpc=2.0, id=74fa8cdd-1, result={tools=[{name=viewCart, description=查看購物車目前所有商品, inputSchema={type=object, properties={}, required=[], additionalProperties=false}}, {name=checkout, description=購物車結帳, inputSchema={type=object, properties={}, required=[], additionalProperties=false}}, {name=addToCart, description=將指定商品加入購物車, inputSchema={type=object, properties={name={type=string, description=商品名稱}, quantity={type=integer, format=int32, description=買進數量}}, required=[name, quantity], additionalProperties=false}}, {name=checkInventory, description=查詢目前所有商品的庫存, inputSchema={type=object, properties={}, required=[], additionalProperties=false}}]}, error=null]
2025-12-13 16:36:53 [HttpClient-3-Worker-0] DEBUG i.m.spec.McpSchema - Received JSON message: {"jsonrpc":"2.0","id":"823861aa-2","result":{"tools":[{"name":"viewPortfolio","description":"查詢目前持有的所有股票","inputSchema":{"type":"object","properties":{},"required":[],"additionalProperties":false}},{"name":"sellStock","description":"賣出持有的股票","inputSchema":{"type":"object","properties":{"symbol":{"type":"string","description":"股票代號"},"quantity":{"type":"integer","format":"int32","description":"股數"}},"required":["symbol","quantity"],"additionalProperties":false}},{"name":"buyStock","description":"買入指定股票","inputSchema":{"type":"object","properties":{"symbol":{"type":"string","description":"股票代號"},"quantity":{"type":"integer","format":"int32","description":"股數"}},"required":["symbol","quantity"],"additionalProperties":false}}]}}
2025-12-13 16:36:53 [HttpClient-3-Worker-0] DEBUG i.m.spec.DefaultMcpSession - Received Response: JSONRPCResponse[jsonrpc=2.0, id=823861aa-2, result={tools=[{name=viewPortfolio, description=查詢目前持有的所有股票, inputSchema={type=object, properties={}, required=[], additionalProperties=false}}, {name=sellStock, description=賣出持有的股票, inputSchema={type=object, properties={symbol={type=string, description=股票代號}, quantity={type=integer, format=int32, description=股數}}, required=[symbol, quantity], additionalProperties=false}}, {name=buyStock, description=買入指定股票, inputSchema={type=object, properties={symbol={type=string, description=股票代號}, quantity={type=integer, format=int32, description=股數}}, required=[symbol, quantity], additionalProperties=false}}]}, error=null]
2025-12-13 16:36:53 [HttpClient-4-Worker-2] DEBUG i.m.spec.McpSchema - Received JSON message: {"jsonrpc":"2.0","id":"74fa8cdd-2","result":{"tools":[{"name":"viewCart","description":"查看購物車目前所有商品","inputSchema":{"type":"object","properties":{},"required":[],"additionalProperties":false}},{"name":"checkout","description":"購物車結帳","inputSchema":{"type":"object","properties":{},"required":[],"additionalProperties":false}},{"name":"addToCart","description":"將指定商品加入購物車","inputSchema":{"type":"object","properties":{"name":{"type":"string","description":"商品名稱"},"quantity":{"type":"integer","format":"int32","description":"買進數量"}},"required":["name","quantity"],"additionalProperties":false}},{"name":"checkInventory","description":"查詢目前所有商品的庫存","inputSchema":{"type":"object","properties":{},"required":[],"additionalProperties":false}}]}}
2025-12-13 16:36:53 [HttpClient-4-Worker-2] DEBUG i.m.spec.DefaultMcpSession - Received Response: JSONRPCResponse[jsonrpc=2.0, id=74fa8cdd-2, result={tools=[{name=viewCart, description=查看購物車目前所有商品, inputSchema={type=object, properties={}, required=[], additionalProperties=false}}, {name=checkout, description=購物車結帳, inputSchema={type=object, properties={}, required=[], additionalProperties=false}}, {name=addToCart, description=將指定商品加入購物車, inputSchema={type=object, properties={name={type=string, description=商品名稱}, quantity={type=integer, format=int32, description=買進數量}}, required=[name, quantity], additionalProperties=false}}, {name=checkInventory, description=查詢目前所有商品的庫存, inputSchema={type=object, properties={}, required=[], additionalProperties=false}}]}, error=null]
2025-12-13 16:36:53 [HttpClient-3-Worker-3] DEBUG i.m.spec.McpSchema - Received JSON message: {"jsonrpc":"2.0","id":"823861aa-3","result":{"tools":[{"name":"viewPortfolio","description":"查詢目前持有的所有股票","inputSchema":{"type":"object","properties":{},"required":[],"additionalProperties":false}},{"name":"sellStock","description":"賣出持有的股票","inputSchema":{"type":"object","properties":{"symbol":{"type":"string","description":"股票代號"},"quantity":{"type":"integer","format":"int32","description":"股數"}},"required":["symbol","quantity"],"additionalProperties":false}},{"name":"buyStock","description":"買入指定股票","inputSchema":{"type":"object","properties":{"symbol":{"type":"string","description":"股票代號"},"quantity":{"type":"integer","format":"int32","description":"股數"}},"required":["symbol","quantity"],"additionalProperties":false}}]}}
2025-12-13 16:36:53 [HttpClient-3-Worker-3] DEBUG i.m.spec.DefaultMcpSession - Received Response: JSONRPCResponse[jsonrpc=2.0, id=823861aa-3, result={tools=[{name=viewPortfolio, description=查詢目前持有的所有股票, inputSchema={type=object, properties={}, required=[], additionalProperties=false}}, {name=sellStock, description=賣出持有的股票, inputSchema={type=object, properties={symbol={type=string, description=股票代號}, quantity={type=integer, format=int32, description=股數}}, required=[symbol, quantity], additionalProperties=false}}, {name=buyStock, description=買入指定股票, inputSchema={type=object, properties={symbol={type=string, description=股票代號}, quantity={type=integer, format=int32, description=股數}}, required=[symbol, quantity], additionalProperties=false}}]}, error=null]
2025-12-13 16:36:53 [HttpClient-4-Worker-2] DEBUG i.m.spec.McpSchema - Received JSON message: {"jsonrpc":"2.0","id":"74fa8cdd-3","result":{"tools":[{"name":"viewCart","description":"查看購物車目前所有商品","inputSchema":{"type":"object","properties":{},"required":[],"additionalProperties":false}},{"name":"checkout","description":"購物車結帳","inputSchema":{"type":"object","properties":{},"required":[],"additionalProperties":false}},{"name":"addToCart","description":"將指定商品加入購物車","inputSchema":{"type":"object","properties":{"name":{"type":"string","description":"商品名稱"},"quantity":{"type":"integer","format":"int32","description":"買進數量"}},"required":["name","quantity"],"additionalProperties":false}},{"name":"checkInventory","description":"查詢目前所有商品的庫存","inputSchema":{"type":"object","properties":{},"required":[],"additionalProperties":false}}]}}
2025-12-13 16:36:53 [HttpClient-4-Worker-2] DEBUG i.m.spec.DefaultMcpSession - Received Response: JSONRPCResponse[jsonrpc=2.0, id=74fa8cdd-3, result={tools=[{name=viewCart, description=查看購物車目前所有商品, inputSchema={type=object, properties={}, required=[], additionalProperties=false}}, {name=checkout, description=購物車結帳, inputSchema={type=object, properties={}, required=[], additionalProperties=false}}, {name=addToCart, description=將指定商品加入購物車, inputSchema={type=object, properties={name={type=string, description=商品名稱}, quantity={type=integer, format=int32, description=買進數量}}, required=[name, quantity], additionalProperties=false}}, {name=checkInventory, description=查詢目前所有商品的庫存, inputSchema={type=object, properties={}, required=[], additionalProperties=false}}]}, error=null]
2025-12-13 16:36:53 [main] INFO  o.s.b.w.e.tomcat.TomcatWebServer - Tomcat started on port 8080 (http) with context path '/'
2025-12-13 16:36:53 [main] INFO  c.e.demo.McpClient8080Application - Started McpClient8080Application in 1.563 seconds (process running for 1.951)
2025-12-13 16:37:03 [http-nio-8080-exec-2] INFO  o.a.c.c.C.[Tomcat].[localhost].[/] - Initializing Spring DispatcherServlet 'dispatcherServlet'
2025-12-13 16:37:03 [http-nio-8080-exec-2] INFO  o.s.web.servlet.DispatcherServlet - Initializing Servlet 'dispatcherServlet'
2025-12-13 16:37:03 [http-nio-8080-exec-2] INFO  o.s.web.servlet.DispatcherServlet - Completed initialization in 1 ms
2025-12-13 16:37:04 [http-nio-8080-exec-2] DEBUG o.s.a.m.t.DefaultToolCallingManager - Executing tool call: buyStock
2025-12-13 16:37:04 [HttpClient-3-Worker-0] DEBUG i.m.spec.McpSchema - Received JSON message: {"jsonrpc":"2.0","id":"823861aa-4","result":{"content":[{"type":"text","type":"text","text":"\"聯發科 已買入，持有股數：52，買進成本：7200\""}],"isError":false}}
2025-12-13 16:37:04 [HttpClient-3-Worker-0] DEBUG i.m.spec.DefaultMcpSession - Received Response: JSONRPCResponse[jsonrpc=2.0, id=823861aa-4, result={content=[{type=text, text="聯發科 已買入，持有股數：52，買進成本：7200"}], isError=false}, error=null]
2025-12-13 16:37:04 [http-nio-8080-exec-2] DEBUG o.s.a.m.t.DefaultToolCallingManager - Executing tool call: viewPortfolio
2025-12-13 16:37:04 [HttpClient-3-Worker-2] DEBUG i.m.spec.McpSchema - Received JSON message: {"jsonrpc":"2.0","id":"823861aa-5","result":{"content":[{"type":"text","type":"text","text":"\"📊 持股明細：\\n▸ 鴻海 (2317)\\n   數量: 50 股 | 現價: 120元\\n▸ 聯發科 (2454)\\n   數量: 52 股 | 現價: 1200元\\n▸ 富邦金 (2881)\\n   數量: 30 股 | 現價: 70元\\n▸ 台積電 (2330)\\n   數量: 20 股 | 現價: 850元\\n\""}],"isError":false}}
2025-12-13 16:37:04 [HttpClient-3-Worker-2] DEBUG i.m.spec.DefaultMcpSession - Received Response: JSONRPCResponse[jsonrpc=2.0, id=823861aa-5, result={content=[{type=text, text="📊 持股明細：\n▸ 鴻海 (2317)\n   數量: 50 股 | 現價: 120元\n▸ 聯發科 (2454)\n   數量: 52 股 | 現價: 1200元\n▸ 富邦金 (2881)\n   數量: 30 股 | 現價: 70元\n▸ 台積電 (2330)\n   數量: 20 股 | 現價: 850元\n"}], isError=false}, error=null]
2025-12-13 16:37:12 [http-nio-8080-exec-3] DEBUG o.s.a.m.t.DefaultToolCallingManager - Executing tool call: buyStock
2025-12-13 16:37:12 [HttpClient-3-Worker-0] DEBUG i.m.spec.McpSchema - Received JSON message: {"jsonrpc":"2.0","id":"823861aa-6","result":{"content":[{"type":"text","type":"text","text":"\"聯發科 已買入，持有股數：58，買進成本：7200\""}],"isError":false}}
2025-12-13 16:37:12 [HttpClient-3-Worker-0] DEBUG i.m.spec.DefaultMcpSession - Received Response: JSONRPCResponse[jsonrpc=2.0, id=823861aa-6, result={content=[{type=text, text="聯發科 已買入，持有股數：58，買進成本：7200"}], isError=false}, error=null]
2025-12-13 16:37:12 [http-nio-8080-exec-3] DEBUG o.s.a.m.t.DefaultToolCallingManager - Executing tool call: viewPortfolio
2025-12-13 16:37:12 [HttpClient-3-Worker-3] DEBUG i.m.spec.McpSchema - Received JSON message: {"jsonrpc":"2.0","id":"823861aa-7","result":{"content":[{"type":"text","type":"text","text":"\"📊 持股明細：\\n▸ 鴻海 (2317)\\n   數量: 50 股 | 現價: 120元\\n▸ 聯發科 (2454)\\n   數量: 58 股 | 現價: 1200元\\n▸ 富邦金 (2881)\\n   數量: 30 股 | 現價: 70元\\n▸ 台積電 (2330)\\n   數量: 20 股 | 現價: 850元\\n\""}],"isError":false}}
2025-12-13 16:37:12 [HttpClient-3-Worker-3] DEBUG i.m.spec.DefaultMcpSession - Received Response: JSONRPCResponse[jsonrpc=2.0, id=823861aa-7, result={content=[{type=text, text="📊 持股明細：\n▸ 鴻海 (2317)\n   數量: 50 股 | 現價: 120元\n▸ 聯發科 (2454)\n   數量: 58 股 | 現價: 1200元\n▸ 富邦金 (2881)\n   數量: 30 股 | 現價: 70元\n▸ 台積電 (2330)\n   數量: 20 股 | 現價: 850元\n"}], isError=false}, error=null]
2025-12-13 16:40:00 [RMI TCP Connection(11)-127.0.0.1] INFO  o.s.b.a.SpringApplicationAdminMXBeanRegistrar$SpringApplicationAdmin - Application shutdown requested.
2025-12-13 16:40:00 [RMI TCP Connection(11)-127.0.0.1] INFO  o.s.b.w.e.tomcat.GracefulShutdown - Commencing graceful shutdown. Waiting for active requests to complete
2025-12-13 16:40:00 [tomcat-shutdown] INFO  o.s.b.w.e.tomcat.GracefulShutdown - Graceful shutdown complete
2025-12-13 16:40:03 [main] INFO  c.e.demo.McpClient8080Application - Starting McpClient8080Application using Java 21.0.8 with PID 34044 (C:\Users\User\Documents\workspace-spring-tools-for-eclipse-4.32.1.RELEASE\mcp-client-8080\target\classes started by User in C:\Users\User\Documents\workspace-spring-tools-for-eclipse-4.32.1.RELEASE\mcp-client-8080)
2025-12-13 16:40:03 [main] INFO  c.e.demo.McpClient8080Application - No active profile set, falling back to 1 default profile: "default"
2025-12-13 16:40:04 [main] INFO  o.s.b.w.e.tomcat.TomcatWebServer - Tomcat initialized with port 8080 (http)
2025-12-13 16:40:04 [main] INFO  o.a.catalina.core.StandardService - Starting service [Tomcat]
2025-12-13 16:40:04 [main] INFO  o.a.catalina.core.StandardEngine - Starting Servlet engine: [Apache Tomcat/10.1.41]
2025-12-13 16:40:04 [main] INFO  o.a.c.c.C.[Tomcat].[localhost].[/] - Initializing Spring embedded WebApplicationContext
2025-12-13 16:40:04 [main] INFO  o.s.b.w.s.c.ServletWebServerApplicationContext - Root WebApplicationContext: initialization completed in 572 ms
2025-12-13 16:40:04 [HttpClient-3-Worker-0] DEBUG i.m.spec.McpSchema - Received JSON message: {"jsonrpc":"2.0","id":"fdb30af9-0","result":{"protocolVersion":"2024-11-05","capabilities":{"logging":{},"tools":{"listChanged":true}},"serverInfo":{"name":"mcp-server","version":"1.0.0"}}}
2025-12-13 16:40:04 [HttpClient-3-Worker-0] DEBUG i.m.spec.DefaultMcpSession - Received Response: JSONRPCResponse[jsonrpc=2.0, id=fdb30af9-0, result={protocolVersion=2024-11-05, capabilities={logging={}, tools={listChanged=true}}, serverInfo={name=mcp-server, version=1.0.0}}, error=null]
2025-12-13 16:40:04 [HttpClient-3-Worker-0] INFO  i.m.client.McpAsyncClient - Server response with Protocol: 2024-11-05, Capabilities: ServerCapabilities[experimental=null, logging=LoggingCapabilities[], prompts=null, resources=null, tools=ToolCapabilities[listChanged=true]], Info: Implementation[name=mcp-server, version=1.0.0] and Instructions null
2025-12-13 16:40:04 [HttpClient-4-Worker-2] DEBUG i.m.spec.McpSchema - Received JSON message: {"jsonrpc":"2.0","id":"06ac5e1e-0","result":{"protocolVersion":"2024-11-05","capabilities":{"logging":{},"tools":{"listChanged":true}},"serverInfo":{"name":"mcp-server","version":"1.0.0"}}}
2025-12-13 16:40:04 [HttpClient-4-Worker-2] DEBUG i.m.spec.DefaultMcpSession - Received Response: JSONRPCResponse[jsonrpc=2.0, id=06ac5e1e-0, result={protocolVersion=2024-11-05, capabilities={logging={}, tools={listChanged=true}}, serverInfo={name=mcp-server, version=1.0.0}}, error=null]
2025-12-13 16:40:04 [HttpClient-4-Worker-2] INFO  i.m.client.McpAsyncClient - Server response with Protocol: 2024-11-05, Capabilities: ServerCapabilities[experimental=null, logging=LoggingCapabilities[], prompts=null, resources=null, tools=ToolCapabilities[listChanged=true]], Info: Implementation[name=mcp-server, version=1.0.0] and Instructions null
2025-12-13 16:40:04 [HttpClient-3-Worker-0] DEBUG i.m.spec.McpSchema - Received JSON message: {"jsonrpc":"2.0","id":"fdb30af9-1","result":{"tools":[{"name":"viewPortfolio","description":"查詢目前持有的所有股票","inputSchema":{"type":"object","properties":{},"required":[],"additionalProperties":false}},{"name":"sellStock","description":"賣出持有的股票","inputSchema":{"type":"object","properties":{"symbol":{"type":"string","description":"股票代號"},"quantity":{"type":"integer","format":"int32","description":"股數"}},"required":["symbol","quantity"],"additionalProperties":false}},{"name":"buyStock","description":"買入指定股票","inputSchema":{"type":"object","properties":{"symbol":{"type":"string","description":"股票代號"},"quantity":{"type":"integer","format":"int32","description":"股數"}},"required":["symbol","quantity"],"additionalProperties":false}}]}}
2025-12-13 16:40:04 [HttpClient-3-Worker-0] DEBUG i.m.spec.DefaultMcpSession - Received Response: JSONRPCResponse[jsonrpc=2.0, id=fdb30af9-1, result={tools=[{name=viewPortfolio, description=查詢目前持有的所有股票, inputSchema={type=object, properties={}, required=[], additionalProperties=false}}, {name=sellStock, description=賣出持有的股票, inputSchema={type=object, properties={symbol={type=string, description=股票代號}, quantity={type=integer, format=int32, description=股數}}, required=[symbol, quantity], additionalProperties=false}}, {name=buyStock, description=買入指定股票, inputSchema={type=object, properties={symbol={type=string, description=股票代號}, quantity={type=integer, format=int32, description=股數}}, required=[symbol, quantity], additionalProperties=false}}]}, error=null]
2025-12-13 16:40:04 [HttpClient-4-Worker-0] DEBUG i.m.spec.McpSchema - Received JSON message: {"jsonrpc":"2.0","id":"06ac5e1e-1","result":{"tools":[{"name":"viewCart","description":"查看購物車目前所有商品","inputSchema":{"type":"object","properties":{},"required":[],"additionalProperties":false}},{"name":"checkout","description":"購物車結帳","inputSchema":{"type":"object","properties":{},"required":[],"additionalProperties":false}},{"name":"addToCart","description":"將指定商品加入購物車","inputSchema":{"type":"object","properties":{"name":{"type":"string","description":"商品名稱"},"quantity":{"type":"integer","format":"int32","description":"買進數量"}},"required":["name","quantity"],"additionalProperties":false}},{"name":"checkInventory","description":"查詢目前所有商品的庫存","inputSchema":{"type":"object","properties":{},"required":[],"additionalProperties":false}}]}}
2025-12-13 16:40:04 [HttpClient-4-Worker-0] DEBUG i.m.spec.DefaultMcpSession - Received Response: JSONRPCResponse[jsonrpc=2.0, id=06ac5e1e-1, result={tools=[{name=viewCart, description=查看購物車目前所有商品, inputSchema={type=object, properties={}, required=[], additionalProperties=false}}, {name=checkout, description=購物車結帳, inputSchema={type=object, properties={}, required=[], additionalProperties=false}}, {name=addToCart, description=將指定商品加入購物車, inputSchema={type=object, properties={name={type=string, description=商品名稱}, quantity={type=integer, format=int32, description=買進數量}}, required=[name, quantity], additionalProperties=false}}, {name=checkInventory, description=查詢目前所有商品的庫存, inputSchema={type=object, properties={}, required=[], additionalProperties=false}}]}, error=null]
2025-12-13 16:40:04 [HttpClient-3-Worker-3] DEBUG i.m.spec.McpSchema - Received JSON message: {"jsonrpc":"2.0","id":"fdb30af9-2","result":{"tools":[{"name":"viewPortfolio","description":"查詢目前持有的所有股票","inputSchema":{"type":"object","properties":{},"required":[],"additionalProperties":false}},{"name":"sellStock","description":"賣出持有的股票","inputSchema":{"type":"object","properties":{"symbol":{"type":"string","description":"股票代號"},"quantity":{"type":"integer","format":"int32","description":"股數"}},"required":["symbol","quantity"],"additionalProperties":false}},{"name":"buyStock","description":"買入指定股票","inputSchema":{"type":"object","properties":{"symbol":{"type":"string","description":"股票代號"},"quantity":{"type":"integer","format":"int32","description":"股數"}},"required":["symbol","quantity"],"additionalProperties":false}}]}}
2025-12-13 16:40:04 [HttpClient-3-Worker-3] DEBUG i.m.spec.DefaultMcpSession - Received Response: JSONRPCResponse[jsonrpc=2.0, id=fdb30af9-2, result={tools=[{name=viewPortfolio, description=查詢目前持有的所有股票, inputSchema={type=object, properties={}, required=[], additionalProperties=false}}, {name=sellStock, description=賣出持有的股票, inputSchema={type=object, properties={symbol={type=string, description=股票代號}, quantity={type=integer, format=int32, description=股數}}, required=[symbol, quantity], additionalProperties=false}}, {name=buyStock, description=買入指定股票, inputSchema={type=object, properties={symbol={type=string, description=股票代號}, quantity={type=integer, format=int32, description=股數}}, required=[symbol, quantity], additionalProperties=false}}]}, error=null]
2025-12-13 16:40:04 [HttpClient-4-Worker-0] DEBUG i.m.spec.McpSchema - Received JSON message: {"jsonrpc":"2.0","id":"06ac5e1e-2","result":{"tools":[{"name":"viewCart","description":"查看購物車目前所有商品","inputSchema":{"type":"object","properties":{},"required":[],"additionalProperties":false}},{"name":"checkout","description":"購物車結帳","inputSchema":{"type":"object","properties":{},"required":[],"additionalProperties":false}},{"name":"addToCart","description":"將指定商品加入購物車","inputSchema":{"type":"object","properties":{"name":{"type":"string","description":"商品名稱"},"quantity":{"type":"integer","format":"int32","description":"買進數量"}},"required":["name","quantity"],"additionalProperties":false}},{"name":"checkInventory","description":"查詢目前所有商品的庫存","inputSchema":{"type":"object","properties":{},"required":[],"additionalProperties":false}}]}}
2025-12-13 16:40:04 [HttpClient-4-Worker-0] DEBUG i.m.spec.DefaultMcpSession - Received Response: JSONRPCResponse[jsonrpc=2.0, id=06ac5e1e-2, result={tools=[{name=viewCart, description=查看購物車目前所有商品, inputSchema={type=object, properties={}, required=[], additionalProperties=false}}, {name=checkout, description=購物車結帳, inputSchema={type=object, properties={}, required=[], additionalProperties=false}}, {name=addToCart, description=將指定商品加入購物車, inputSchema={type=object, properties={name={type=string, description=商品名稱}, quantity={type=integer, format=int32, description=買進數量}}, required=[name, quantity], additionalProperties=false}}, {name=checkInventory, description=查詢目前所有商品的庫存, inputSchema={type=object, properties={}, required=[], additionalProperties=false}}]}, error=null]
2025-12-13 16:40:04 [HttpClient-3-Worker-3] DEBUG i.m.spec.McpSchema - Received JSON message: {"jsonrpc":"2.0","id":"fdb30af9-3","result":{"tools":[{"name":"viewPortfolio","description":"查詢目前持有的所有股票","inputSchema":{"type":"object","properties":{},"required":[],"additionalProperties":false}},{"name":"sellStock","description":"賣出持有的股票","inputSchema":{"type":"object","properties":{"symbol":{"type":"string","description":"股票代號"},"quantity":{"type":"integer","format":"int32","description":"股數"}},"required":["symbol","quantity"],"additionalProperties":false}},{"name":"buyStock","description":"買入指定股票","inputSchema":{"type":"object","properties":{"symbol":{"type":"string","description":"股票代號"},"quantity":{"type":"integer","format":"int32","description":"股數"}},"required":["symbol","quantity"],"additionalProperties":false}}]}}
2025-12-13 16:40:04 [HttpClient-3-Worker-3] DEBUG i.m.spec.DefaultMcpSession - Received Response: JSONRPCResponse[jsonrpc=2.0, id=fdb30af9-3, result={tools=[{name=viewPortfolio, description=查詢目前持有的所有股票, inputSchema={type=object, properties={}, required=[], additionalProperties=false}}, {name=sellStock, description=賣出持有的股票, inputSchema={type=object, properties={symbol={type=string, description=股票代號}, quantity={type=integer, format=int32, description=股數}}, required=[symbol, quantity], additionalProperties=false}}, {name=buyStock, description=買入指定股票, inputSchema={type=object, properties={symbol={type=string, description=股票代號}, quantity={type=integer, format=int32, description=股數}}, required=[symbol, quantity], additionalProperties=false}}]}, error=null]
2025-12-13 16:40:04 [HttpClient-4-Worker-0] DEBUG i.m.spec.McpSchema - Received JSON message: {"jsonrpc":"2.0","id":"06ac5e1e-3","result":{"tools":[{"name":"viewCart","description":"查看購物車目前所有商品","inputSchema":{"type":"object","properties":{},"required":[],"additionalProperties":false}},{"name":"checkout","description":"購物車結帳","inputSchema":{"type":"object","properties":{},"required":[],"additionalProperties":false}},{"name":"addToCart","description":"將指定商品加入購物車","inputSchema":{"type":"object","properties":{"name":{"type":"string","description":"商品名稱"},"quantity":{"type":"integer","format":"int32","description":"買進數量"}},"required":["name","quantity"],"additionalProperties":false}},{"name":"checkInventory","description":"查詢目前所有商品的庫存","inputSchema":{"type":"object","properties":{},"required":[],"additionalProperties":false}}]}}
2025-12-13 16:40:04 [HttpClient-4-Worker-0] DEBUG i.m.spec.DefaultMcpSession - Received Response: JSONRPCResponse[jsonrpc=2.0, id=06ac5e1e-3, result={tools=[{name=viewCart, description=查看購物車目前所有商品, inputSchema={type=object, properties={}, required=[], additionalProperties=false}}, {name=checkout, description=購物車結帳, inputSchema={type=object, properties={}, required=[], additionalProperties=false}}, {name=addToCart, description=將指定商品加入購物車, inputSchema={type=object, properties={name={type=string, description=商品名稱}, quantity={type=integer, format=int32, description=買進數量}}, required=[name, quantity], additionalProperties=false}}, {name=checkInventory, description=查詢目前所有商品的庫存, inputSchema={type=object, properties={}, required=[], additionalProperties=false}}]}, error=null]
2025-12-13 16:40:05 [main] INFO  o.s.b.w.e.tomcat.TomcatWebServer - Tomcat started on port 8080 (http) with context path '/'
2025-12-13 16:40:05 [main] INFO  c.e.demo.McpClient8080Application - Started McpClient8080Application in 1.553 seconds (process running for 1.93)
2025-12-13 16:40:12 [http-nio-8080-exec-1] INFO  o.a.c.c.C.[Tomcat].[localhost].[/] - Initializing Spring DispatcherServlet 'dispatcherServlet'
2025-12-13 16:40:12 [http-nio-8080-exec-1] INFO  o.s.web.servlet.DispatcherServlet - Initializing Servlet 'dispatcherServlet'
2025-12-13 16:40:12 [http-nio-8080-exec-1] INFO  o.s.web.servlet.DispatcherServlet - Completed initialization in 1 ms
2025-12-13 16:40:14 [http-nio-8080-exec-1] DEBUG o.s.a.m.t.DefaultToolCallingManager - Executing tool call: sellStock
2025-12-13 16:40:14 [HttpClient-3-Worker-2] DEBUG i.m.spec.McpSchema - Received JSON message: {"jsonrpc":"2.0","id":"fdb30af9-4","result":{"content":[{"type":"text","type":"text","text":"\"✅ 已賣出 聯發科 6 股，成交金額：7200 元。\""}],"isError":false}}
2025-12-13 16:40:14 [HttpClient-3-Worker-2] DEBUG i.m.spec.DefaultMcpSession - Received Response: JSONRPCResponse[jsonrpc=2.0, id=fdb30af9-4, result={content=[{type=text, text="✅ 已賣出 聯發科 6 股，成交金額：7200 元。"}], isError=false}, error=null]
2025-12-13 16:40:14 [http-nio-8080-exec-1] DEBUG o.s.a.m.t.DefaultToolCallingManager - Executing tool call: viewPortfolio
2025-12-13 16:40:14 [HttpClient-3-Worker-3] DEBUG i.m.spec.McpSchema - Received JSON message: {"jsonrpc":"2.0","id":"fdb30af9-5","result":{"content":[{"type":"text","type":"text","text":"\"📊 持股明細：\\n▸ 鴻海 (2317)\\n   數量: 50 股 | 現價: 120元\\n▸ 聯發科 (2454)\\n   數量: 52 股 | 現價: 1200元\\n▸ 富邦金 (2881)\\n   數量: 30 股 | 現價: 70元\\n▸ 台積電 (2330)\\n   數量: 20 股 | 現價: 850元\\n\""}],"isError":false}}
2025-12-13 16:40:14 [HttpClient-3-Worker-3] DEBUG i.m.spec.DefaultMcpSession - Received Response: JSONRPCResponse[jsonrpc=2.0, id=fdb30af9-5, result={content=[{type=text, text="📊 持股明細：\n▸ 鴻海 (2317)\n   數量: 50 股 | 現價: 120元\n▸ 聯發科 (2454)\n   數量: 52 股 | 現價: 1200元\n▸ 富邦金 (2881)\n   數量: 30 股 | 現價: 70元\n▸ 台積電 (2330)\n   數量: 20 股 | 現價: 850元\n"}], isError=false}, error=null]
2025-12-13 16:40:25 [http-nio-8080-exec-2] DEBUG o.s.a.m.t.DefaultToolCallingManager - Executing tool call: sellStock
2025-12-13 16:40:25 [HttpClient-3-Worker-2] DEBUG i.m.spec.McpSchema - Received JSON message: {"jsonrpc":"2.0","id":"fdb30af9-6","result":{"content":[{"type":"text","type":"text","text":"\"✅ 已賣出 聯發科 6 股，成交金額：7200 元。\""}],"isError":false}}
2025-12-13 16:40:25 [HttpClient-3-Worker-2] DEBUG i.m.spec.DefaultMcpSession - Received Response: JSONRPCResponse[jsonrpc=2.0, id=fdb30af9-6, result={content=[{type=text, text="✅ 已賣出 聯發科 6 股，成交金額：7200 元。"}], isError=false}, error=null]
2025-12-13 16:40:30 [http-nio-8080-exec-3] DEBUG o.s.a.m.t.DefaultToolCallingManager - Executing tool call: sellStock
2025-12-13 16:40:30 [HttpClient-3-Worker-2] DEBUG i.m.spec.McpSchema - Received JSON message: {"jsonrpc":"2.0","id":"fdb30af9-7","result":{"content":[{"type":"text","type":"text","text":"\"✅ 已賣出 聯發科 6 股，成交金額：7200 元。\""}],"isError":false}}
2025-12-13 16:40:30 [HttpClient-3-Worker-2] DEBUG i.m.spec.DefaultMcpSession - Received Response: JSONRPCResponse[jsonrpc=2.0, id=fdb30af9-7, result={content=[{type=text, text="✅ 已賣出 聯發科 6 股，成交金額：7200 元。"}], isError=false}, error=null]
2025-12-13 16:40:30 [http-nio-8080-exec-3] DEBUG o.s.a.m.t.DefaultToolCallingManager - Executing tool call: viewPortfolio
2025-12-13 16:40:30 [HttpClient-3-Worker-2] DEBUG i.m.spec.McpSchema - Received JSON message: {"jsonrpc":"2.0","id":"fdb30af9-8","result":{"content":[{"type":"text","type":"text","text":"\"📊 持股明細：\\n▸ 鴻海 (2317)\\n   數量: 50 股 | 現價: 120元\\n▸ 聯發科 (2454)\\n   數量: 40 股 | 現價: 1200元\\n▸ 富邦金 (2881)\\n   數量: 30 股 | 現價: 70元\\n▸ 台積電 (2330)\\n   數量: 20 股 | 現價: 850元\\n\""}],"isError":false}}
2025-12-13 16:40:30 [HttpClient-3-Worker-2] DEBUG i.m.spec.DefaultMcpSession - Received Response: JSONRPCResponse[jsonrpc=2.0, id=fdb30af9-8, result={content=[{type=text, text="📊 持股明細：\n▸ 鴻海 (2317)\n   數量: 50 股 | 現價: 120元\n▸ 聯發科 (2454)\n   數量: 40 股 | 現價: 1200元\n▸ 富邦金 (2881)\n   數量: 30 股 | 現價: 70元\n▸ 台積電 (2330)\n   數量: 20 股 | 現價: 850元\n"}], isError=false}, error=null]
2025-12-13 16:45:47 [RMI TCP Connection(16)-127.0.0.1] INFO  o.s.b.a.SpringApplicationAdminMXBeanRegistrar$SpringApplicationAdmin - Application shutdown requested.
2025-12-13 16:45:47 [RMI TCP Connection(16)-127.0.0.1] INFO  o.s.b.w.e.tomcat.GracefulShutdown - Commencing graceful shutdown. Waiting for active requests to complete
2025-12-13 16:45:47 [tomcat-shutdown] INFO  o.s.b.w.e.tomcat.GracefulShutdown - Graceful shutdown complete
2025-12-13 16:45:48 [main] INFO  c.e.demo.McpClient8080Application - Starting McpClient8080Application using Java 21.0.8 with PID 18756 (C:\Users\User\Documents\workspace-spring-tools-for-eclipse-4.32.1.RELEASE\mcp-client-8080\target\classes started by User in C:\Users\User\Documents\workspace-spring-tools-for-eclipse-4.32.1.RELEASE\mcp-client-8080)
2025-12-13 16:45:48 [main] INFO  c.e.demo.McpClient8080Application - No active profile set, falling back to 1 default profile: "default"
2025-12-13 16:45:49 [main] INFO  o.s.b.w.e.tomcat.TomcatWebServer - Tomcat initialized with port 8080 (http)
2025-12-13 16:45:49 [main] INFO  o.a.catalina.core.StandardService - Starting service [Tomcat]
2025-12-13 16:45:49 [main] INFO  o.a.catalina.core.StandardEngine - Starting Servlet engine: [Apache Tomcat/10.1.41]
2025-12-13 16:45:49 [main] INFO  o.a.c.c.C.[Tomcat].[localhost].[/] - Initializing Spring embedded WebApplicationContext
2025-12-13 16:45:49 [main] INFO  o.s.b.w.s.c.ServletWebServerApplicationContext - Root WebApplicationContext: initialization completed in 588 ms
2025-12-13 16:45:49 [HttpClient-3-Worker-0] DEBUG i.m.spec.McpSchema - Received JSON message: {"jsonrpc":"2.0","id":"8afab9fc-0","result":{"protocolVersion":"2024-11-05","capabilities":{"logging":{},"tools":{"listChanged":true}},"serverInfo":{"name":"mcp-server","version":"1.0.0"}}}
2025-12-13 16:45:49 [HttpClient-3-Worker-0] DEBUG i.m.spec.DefaultMcpSession - Received Response: JSONRPCResponse[jsonrpc=2.0, id=8afab9fc-0, result={protocolVersion=2024-11-05, capabilities={logging={}, tools={listChanged=true}}, serverInfo={name=mcp-server, version=1.0.0}}, error=null]
2025-12-13 16:45:49 [HttpClient-3-Worker-0] INFO  i.m.client.McpAsyncClient - Server response with Protocol: 2024-11-05, Capabilities: ServerCapabilities[experimental=null, logging=LoggingCapabilities[], prompts=null, resources=null, tools=ToolCapabilities[listChanged=true]], Info: Implementation[name=mcp-server, version=1.0.0] and Instructions null
2025-12-13 16:45:49 [HttpClient-4-Worker-2] DEBUG i.m.spec.McpSchema - Received JSON message: {"jsonrpc":"2.0","id":"e98404e9-0","result":{"protocolVersion":"2024-11-05","capabilities":{"logging":{},"tools":{"listChanged":true}},"serverInfo":{"name":"mcp-server","version":"1.0.0"}}}
2025-12-13 16:45:49 [HttpClient-4-Worker-2] DEBUG i.m.spec.DefaultMcpSession - Received Response: JSONRPCResponse[jsonrpc=2.0, id=e98404e9-0, result={protocolVersion=2024-11-05, capabilities={logging={}, tools={listChanged=true}}, serverInfo={name=mcp-server, version=1.0.0}}, error=null]
2025-12-13 16:45:49 [HttpClient-4-Worker-2] INFO  i.m.client.McpAsyncClient - Server response with Protocol: 2024-11-05, Capabilities: ServerCapabilities[experimental=null, logging=LoggingCapabilities[], prompts=null, resources=null, tools=ToolCapabilities[listChanged=true]], Info: Implementation[name=mcp-server, version=1.0.0] and Instructions null
2025-12-13 16:45:49 [HttpClient-3-Worker-0] DEBUG i.m.spec.McpSchema - Received JSON message: {"jsonrpc":"2.0","id":"8afab9fc-1","result":{"tools":[{"name":"viewPortfolio","description":"查詢目前持有的所有股票","inputSchema":{"type":"object","properties":{},"required":[],"additionalProperties":false}},{"name":"sellStock","description":"賣出持有的股票","inputSchema":{"type":"object","properties":{"symbol":{"type":"string","description":"股票代號"},"quantity":{"type":"integer","format":"int32","description":"股數"}},"required":["symbol","quantity"],"additionalProperties":false}},{"name":"buyStock","description":"買入指定股票","inputSchema":{"type":"object","properties":{"symbol":{"type":"string","description":"股票代號"},"quantity":{"type":"integer","format":"int32","description":"股數"}},"required":["symbol","quantity"],"additionalProperties":false}}]}}
2025-12-13 16:45:49 [HttpClient-3-Worker-0] DEBUG i.m.spec.DefaultMcpSession - Received Response: JSONRPCResponse[jsonrpc=2.0, id=8afab9fc-1, result={tools=[{name=viewPortfolio, description=查詢目前持有的所有股票, inputSchema={type=object, properties={}, required=[], additionalProperties=false}}, {name=sellStock, description=賣出持有的股票, inputSchema={type=object, properties={symbol={type=string, description=股票代號}, quantity={type=integer, format=int32, description=股數}}, required=[symbol, quantity], additionalProperties=false}}, {name=buyStock, description=買入指定股票, inputSchema={type=object, properties={symbol={type=string, description=股票代號}, quantity={type=integer, format=int32, description=股數}}, required=[symbol, quantity], additionalProperties=false}}]}, error=null]
2025-12-13 16:45:49 [HttpClient-4-Worker-2] DEBUG i.m.spec.McpSchema - Received JSON message: {"jsonrpc":"2.0","id":"e98404e9-1","result":{"tools":[{"name":"viewCart","description":"查看購物車目前所有商品","inputSchema":{"type":"object","properties":{},"required":[],"additionalProperties":false}},{"name":"checkout","description":"購物車結帳","inputSchema":{"type":"object","properties":{},"required":[],"additionalProperties":false}},{"name":"addToCart","description":"將指定商品加入購物車","inputSchema":{"type":"object","properties":{"name":{"type":"string","description":"商品名稱"},"quantity":{"type":"integer","format":"int32","description":"買進數量"}},"required":["name","quantity"],"additionalProperties":false}},{"name":"checkInventory","description":"查詢目前所有商品的庫存","inputSchema":{"type":"object","properties":{},"required":[],"additionalProperties":false}}]}}
2025-12-13 16:45:49 [HttpClient-4-Worker-2] DEBUG i.m.spec.DefaultMcpSession - Received Response: JSONRPCResponse[jsonrpc=2.0, id=e98404e9-1, result={tools=[{name=viewCart, description=查看購物車目前所有商品, inputSchema={type=object, properties={}, required=[], additionalProperties=false}}, {name=checkout, description=購物車結帳, inputSchema={type=object, properties={}, required=[], additionalProperties=false}}, {name=addToCart, description=將指定商品加入購物車, inputSchema={type=object, properties={name={type=string, description=商品名稱}, quantity={type=integer, format=int32, description=買進數量}}, required=[name, quantity], additionalProperties=false}}, {name=checkInventory, description=查詢目前所有商品的庫存, inputSchema={type=object, properties={}, required=[], additionalProperties=false}}]}, error=null]
2025-12-13 16:45:49 [HttpClient-3-Worker-3] DEBUG i.m.spec.McpSchema - Received JSON message: {"jsonrpc":"2.0","id":"8afab9fc-2","result":{"tools":[{"name":"viewPortfolio","description":"查詢目前持有的所有股票","inputSchema":{"type":"object","properties":{},"required":[],"additionalProperties":false}},{"name":"sellStock","description":"賣出持有的股票","inputSchema":{"type":"object","properties":{"symbol":{"type":"string","description":"股票代號"},"quantity":{"type":"integer","format":"int32","description":"股數"}},"required":["symbol","quantity"],"additionalProperties":false}},{"name":"buyStock","description":"買入指定股票","inputSchema":{"type":"object","properties":{"symbol":{"type":"string","description":"股票代號"},"quantity":{"type":"integer","format":"int32","description":"股數"}},"required":["symbol","quantity"],"additionalProperties":false}}]}}
2025-12-13 16:45:49 [HttpClient-3-Worker-3] DEBUG i.m.spec.DefaultMcpSession - Received Response: JSONRPCResponse[jsonrpc=2.0, id=8afab9fc-2, result={tools=[{name=viewPortfolio, description=查詢目前持有的所有股票, inputSchema={type=object, properties={}, required=[], additionalProperties=false}}, {name=sellStock, description=賣出持有的股票, inputSchema={type=object, properties={symbol={type=string, description=股票代號}, quantity={type=integer, format=int32, description=股數}}, required=[symbol, quantity], additionalProperties=false}}, {name=buyStock, description=買入指定股票, inputSchema={type=object, properties={symbol={type=string, description=股票代號}, quantity={type=integer, format=int32, description=股數}}, required=[symbol, quantity], additionalProperties=false}}]}, error=null]
2025-12-13 16:45:49 [HttpClient-4-Worker-0] DEBUG i.m.spec.McpSchema - Received JSON message: {"jsonrpc":"2.0","id":"e98404e9-2","result":{"tools":[{"name":"viewCart","description":"查看購物車目前所有商品","inputSchema":{"type":"object","properties":{},"required":[],"additionalProperties":false}},{"name":"checkout","description":"購物車結帳","inputSchema":{"type":"object","properties":{},"required":[],"additionalProperties":false}},{"name":"addToCart","description":"將指定商品加入購物車","inputSchema":{"type":"object","properties":{"name":{"type":"string","description":"商品名稱"},"quantity":{"type":"integer","format":"int32","description":"買進數量"}},"required":["name","quantity"],"additionalProperties":false}},{"name":"checkInventory","description":"查詢目前所有商品的庫存","inputSchema":{"type":"object","properties":{},"required":[],"additionalProperties":false}}]}}
2025-12-13 16:45:49 [HttpClient-4-Worker-0] DEBUG i.m.spec.DefaultMcpSession - Received Response: JSONRPCResponse[jsonrpc=2.0, id=e98404e9-2, result={tools=[{name=viewCart, description=查看購物車目前所有商品, inputSchema={type=object, properties={}, required=[], additionalProperties=false}}, {name=checkout, description=購物車結帳, inputSchema={type=object, properties={}, required=[], additionalProperties=false}}, {name=addToCart, description=將指定商品加入購物車, inputSchema={type=object, properties={name={type=string, description=商品名稱}, quantity={type=integer, format=int32, description=買進數量}}, required=[name, quantity], additionalProperties=false}}, {name=checkInventory, description=查詢目前所有商品的庫存, inputSchema={type=object, properties={}, required=[], additionalProperties=false}}]}, error=null]
2025-12-13 16:45:50 [HttpClient-3-Worker-3] DEBUG i.m.spec.McpSchema - Received JSON message: {"jsonrpc":"2.0","id":"8afab9fc-3","result":{"tools":[{"name":"viewPortfolio","description":"查詢目前持有的所有股票","inputSchema":{"type":"object","properties":{},"required":[],"additionalProperties":false}},{"name":"sellStock","description":"賣出持有的股票","inputSchema":{"type":"object","properties":{"symbol":{"type":"string","description":"股票代號"},"quantity":{"type":"integer","format":"int32","description":"股數"}},"required":["symbol","quantity"],"additionalProperties":false}},{"name":"buyStock","description":"買入指定股票","inputSchema":{"type":"object","properties":{"symbol":{"type":"string","description":"股票代號"},"quantity":{"type":"integer","format":"int32","description":"股數"}},"required":["symbol","quantity"],"additionalProperties":false}}]}}
2025-12-13 16:45:50 [HttpClient-3-Worker-3] DEBUG i.m.spec.DefaultMcpSession - Received Response: JSONRPCResponse[jsonrpc=2.0, id=8afab9fc-3, result={tools=[{name=viewPortfolio, description=查詢目前持有的所有股票, inputSchema={type=object, properties={}, required=[], additionalProperties=false}}, {name=sellStock, description=賣出持有的股票, inputSchema={type=object, properties={symbol={type=string, description=股票代號}, quantity={type=integer, format=int32, description=股數}}, required=[symbol, quantity], additionalProperties=false}}, {name=buyStock, description=買入指定股票, inputSchema={type=object, properties={symbol={type=string, description=股票代號}, quantity={type=integer, format=int32, description=股數}}, required=[symbol, quantity], additionalProperties=false}}]}, error=null]
2025-12-13 16:45:50 [HttpClient-4-Worker-2] DEBUG i.m.spec.McpSchema - Received JSON message: {"jsonrpc":"2.0","id":"e98404e9-3","result":{"tools":[{"name":"viewCart","description":"查看購物車目前所有商品","inputSchema":{"type":"object","properties":{},"required":[],"additionalProperties":false}},{"name":"checkout","description":"購物車結帳","inputSchema":{"type":"object","properties":{},"required":[],"additionalProperties":false}},{"name":"addToCart","description":"將指定商品加入購物車","inputSchema":{"type":"object","properties":{"name":{"type":"string","description":"商品名稱"},"quantity":{"type":"integer","format":"int32","description":"買進數量"}},"required":["name","quantity"],"additionalProperties":false}},{"name":"checkInventory","description":"查詢目前所有商品的庫存","inputSchema":{"type":"object","properties":{},"required":[],"additionalProperties":false}}]}}
2025-12-13 16:45:50 [HttpClient-4-Worker-2] DEBUG i.m.spec.DefaultMcpSession - Received Response: JSONRPCResponse[jsonrpc=2.0, id=e98404e9-3, result={tools=[{name=viewCart, description=查看購物車目前所有商品, inputSchema={type=object, properties={}, required=[], additionalProperties=false}}, {name=checkout, description=購物車結帳, inputSchema={type=object, properties={}, required=[], additionalProperties=false}}, {name=addToCart, description=將指定商品加入購物車, inputSchema={type=object, properties={name={type=string, description=商品名稱}, quantity={type=integer, format=int32, description=買進數量}}, required=[name, quantity], additionalProperties=false}}, {name=checkInventory, description=查詢目前所有商品的庫存, inputSchema={type=object, properties={}, required=[], additionalProperties=false}}]}, error=null]
2025-12-13 16:45:50 [main] INFO  o.s.b.w.e.tomcat.TomcatWebServer - Tomcat started on port 8080 (http) with context path '/'
2025-12-13 16:45:50 [main] INFO  c.e.demo.McpClient8080Application - Started McpClient8080Application in 1.584 seconds (process running for 1.954)
2025-12-13 16:46:25 [http-nio-8080-exec-2] INFO  o.a.c.c.C.[Tomcat].[localhost].[/] - Initializing Spring DispatcherServlet 'dispatcherServlet'
2025-12-13 16:46:25 [http-nio-8080-exec-2] INFO  o.s.web.servlet.DispatcherServlet - Initializing Servlet 'dispatcherServlet'
2025-12-13 16:46:25 [http-nio-8080-exec-2] INFO  o.s.web.servlet.DispatcherServlet - Completed initialization in 1 ms
2025-12-13 16:46:30 [http-nio-8080-exec-2] DEBUG o.s.a.m.t.DefaultToolCallingManager - Executing tool call: sellStock
2025-12-13 16:46:30 [HttpClient-3-Worker-0] DEBUG i.m.spec.McpSchema - Received JSON message: {"jsonrpc":"2.0","id":"8afab9fc-4","result":{"content":[{"type":"text","type":"text","text":"\"❌ 持有股數不足，無法賣出 2550。\""}],"isError":false}}
2025-12-13 16:46:30 [HttpClient-3-Worker-0] DEBUG i.m.spec.DefaultMcpSession - Received Response: JSONRPCResponse[jsonrpc=2.0, id=8afab9fc-4, result={content=[{type=text, text="❌ 持有股數不足，無法賣出 2550。"}], isError=false}, error=null]
2025-12-13 16:46:35 [http-nio-8080-exec-3] DEBUG o.s.a.m.t.DefaultToolCallingManager - Executing tool call: sellStock
2025-12-13 16:46:35 [HttpClient-3-Worker-3] DEBUG i.m.spec.McpSchema - Received JSON message: {"jsonrpc":"2.0","id":"8afab9fc-5","result":{"content":[{"type":"text","type":"text","text":"\"❌ 持有股數不足，無法賣出 2550。\""}],"isError":false}}
2025-12-13 16:46:35 [HttpClient-3-Worker-3] DEBUG i.m.spec.DefaultMcpSession - Received Response: JSONRPCResponse[jsonrpc=2.0, id=8afab9fc-5, result={content=[{type=text, text="❌ 持有股數不足，無法賣出 2550。"}], isError=false}, error=null]
2025-12-13 16:46:35 [http-nio-8080-exec-3] DEBUG o.s.a.m.t.DefaultToolCallingManager - Executing tool call: viewPortfolio
2025-12-13 16:46:35 [HttpClient-3-Worker-3] DEBUG i.m.spec.McpSchema - Received JSON message: {"jsonrpc":"2.0","id":"8afab9fc-6","result":{"content":[{"type":"text","type":"text","text":"\"📊 持股明細：\\n▸ 鴻海 (2317)\\n   數量: 50 股 | 現價: 120元\\n▸ 聯發科 (2454)\\n   數量: 40 股 | 現價: 1200元\\n▸ 富邦金 (2881)\\n   數量: 30 股 | 現價: 70元\\n▸ 台積電 (2330)\\n   數量: 20 股 | 現價: 850元\\n\""}],"isError":false}}
2025-12-13 16:46:35 [HttpClient-3-Worker-3] DEBUG i.m.spec.DefaultMcpSession - Received Response: JSONRPCResponse[jsonrpc=2.0, id=8afab9fc-6, result={content=[{type=text, text="📊 持股明細：\n▸ 鴻海 (2317)\n   數量: 50 股 | 現價: 120元\n▸ 聯發科 (2454)\n   數量: 40 股 | 現價: 1200元\n▸ 富邦金 (2881)\n   數量: 30 股 | 現價: 70元\n▸ 台積電 (2330)\n   數量: 20 股 | 現價: 850元\n"}], isError=false}, error=null]
2025-12-13 16:47:10 [http-nio-8080-exec-1] DEBUG o.s.a.m.t.DefaultToolCallingManager - Executing tool call: sellStock
2025-12-13 16:47:10 [HttpClient-3-Worker-2] DEBUG i.m.spec.McpSchema - Received JSON message: {"jsonrpc":"2.0","id":"8afab9fc-7","result":{"content":[{"type":"text","type":"text","text":"\"✅ 已賣出 台積電 3 股，成交金額：2550 元。\""}],"isError":false}}
2025-12-13 16:47:10 [HttpClient-3-Worker-2] DEBUG i.m.spec.DefaultMcpSession - Received Response: JSONRPCResponse[jsonrpc=2.0, id=8afab9fc-7, result={content=[{type=text, text="✅ 已賣出 台積電 3 股，成交金額：2550 元。"}], isError=false}, error=null]
2025-12-13 16:47:15 [http-nio-8080-exec-4] DEBUG o.s.a.m.t.DefaultToolCallingManager - Executing tool call: sellStock
2025-12-13 16:47:15 [HttpClient-3-Worker-3] DEBUG i.m.spec.McpSchema - Received JSON message: {"jsonrpc":"2.0","id":"8afab9fc-8","result":{"content":[{"type":"text","type":"text","text":"\"✅ 已賣出 台積電 3 股，成交金額：2550 元。\""}],"isError":false}}
2025-12-13 16:47:15 [HttpClient-3-Worker-3] DEBUG i.m.spec.DefaultMcpSession - Received Response: JSONRPCResponse[jsonrpc=2.0, id=8afab9fc-8, result={content=[{type=text, text="✅ 已賣出 台積電 3 股，成交金額：2550 元。"}], isError=false}, error=null]
2025-12-13 16:47:15 [http-nio-8080-exec-4] DEBUG o.s.a.m.t.DefaultToolCallingManager - Executing tool call: viewPortfolio
2025-12-13 16:47:15 [HttpClient-3-Worker-2] DEBUG i.m.spec.McpSchema - Received JSON message: {"jsonrpc":"2.0","id":"8afab9fc-9","result":{"content":[{"type":"text","type":"text","text":"\"📊 持股明細：\\n▸ 鴻海 (2317)\\n   數量: 50 股 | 現價: 120元\\n▸ 聯發科 (2454)\\n   數量: 40 股 | 現價: 1200元\\n▸ 富邦金 (2881)\\n   數量: 30 股 | 現價: 70元\\n▸ 台積電 (2330)\\n   數量: 14 股 | 現價: 850元\\n\""}],"isError":false}}
2025-12-13 16:47:15 [HttpClient-3-Worker-2] DEBUG i.m.spec.DefaultMcpSession - Received Response: JSONRPCResponse[jsonrpc=2.0, id=8afab9fc-9, result={content=[{type=text, text="📊 持股明細：\n▸ 鴻海 (2317)\n   數量: 50 股 | 現價: 120元\n▸ 聯發科 (2454)\n   數量: 40 股 | 現價: 1200元\n▸ 富邦金 (2881)\n   數量: 30 股 | 現價: 70元\n▸ 台積電 (2330)\n   數量: 14 股 | 現價: 850元\n"}], isError=false}, error=null]
2025-12-13 16:47:29 [http-nio-8080-exec-6] DEBUG o.s.a.m.t.DefaultToolCallingManager - Executing tool call: sellStock
2025-12-13 16:47:29 [HttpClient-3-Worker-2] DEBUG i.m.spec.McpSchema - Received JSON message: {"jsonrpc":"2.0","id":"8afab9fc-10","result":{"content":[{"type":"text","type":"text","text":"\"✅ 已賣出 台積電 3 股，成交金額：2550 元。\""}],"isError":false}}
2025-12-13 16:47:29 [HttpClient-3-Worker-2] DEBUG i.m.spec.DefaultMcpSession - Received Response: JSONRPCResponse[jsonrpc=2.0, id=8afab9fc-10, result={content=[{type=text, text="✅ 已賣出 台積電 3 股，成交金額：2550 元。"}], isError=false}, error=null]
2025-12-13 16:47:29 [http-nio-8080-exec-6] DEBUG o.s.a.m.t.DefaultToolCallingManager - Executing tool call: sellStock
2025-12-13 16:47:29 [HttpClient-3-Worker-0] DEBUG i.m.spec.McpSchema - Received JSON message: {"jsonrpc":"2.0","id":"8afab9fc-11","result":{"content":[{"type":"text","type":"text","text":"\"❌ 持有股數不足，無法賣出 null。\""}],"isError":false}}
2025-12-13 16:47:29 [HttpClient-3-Worker-0] DEBUG i.m.spec.DefaultMcpSession - Received Response: JSONRPCResponse[jsonrpc=2.0, id=8afab9fc-11, result={content=[{type=text, text="❌ 持有股數不足，無法賣出 null。"}], isError=false}, error=null]
2025-12-13 16:48:01 [RMI TCP Connection(10)-127.0.0.1] INFO  o.s.b.a.SpringApplicationAdminMXBeanRegistrar$SpringApplicationAdmin - Application shutdown requested.
2025-12-13 16:48:01 [RMI TCP Connection(10)-127.0.0.1] INFO  o.s.b.w.e.tomcat.GracefulShutdown - Commencing graceful shutdown. Waiting for active requests to complete
2025-12-13 16:48:01 [tomcat-shutdown] INFO  o.s.b.w.e.tomcat.GracefulShutdown - Graceful shutdown complete
